,date,volume
0,2019-01-01,6
1,2019-01-02,9
2,2019-01-03,7
3,2019-01-04,9
4,2019-01-05,7
5,2019-01-06,7
6,2019-01-07,7
7,2019-01-08,6
8,2019-01-09,8
9,2019-01-10,7
10,2019-01-11,6
11,2019-01-12,7
12,2019-01-13,8
13,2019-01-14,6
14,2019-01-15,8
15,2019-01-16,8
16,2019-01-17,5
17,2019-01-18,10
18,2019-01-19,3
19,2019-01-20,1
20,2019-01-21,1
21,2019-01-22,4
22,2019-01-23,2
23,2019-01-24,1
24,2019-01-25,6
25,2019-01-26,7
26,2019-01-27,8
27,2019-01-28,6
28,2019-01-29,8
29,2019-01-30,8
30,2019-01-31,7
31,2019-02-01,7
32,2019-02-02,8
33,2019-02-03,9
34,2019-02-04,7
35,2019-02-05,8
36,2019-02-06,8
37,2019-02-07,7
38,2019-02-08,7
39,2019-02-09,59
40,2019-02-10,10
41,2019-02-11,6
42,2019-02-12,7
43,2019-02-13,6
44,2019-02-14,8
45,2019-02-15,7
46,2019-02-16,8
47,2019-02-17,12
48,2019-02-18,6
49,2019-02-19,8
50,2019-02-20,6
51,2019-02-21,8
52,2019-02-22,7
53,2019-02-23,8
54,2019-02-24,11
55,2019-02-25,5
56,2019-02-26,10
57,2019-02-27,6
58,2019-02-28,9
59,2019-03-01,9
60,2019-03-02,14
61,2019-03-03,7
62,2019-03-04,8
63,2019-03-05,8
64,2019-03-06,7
65,2019-03-07,7
66,2019-03-08,10
67,2019-03-09,7
68,2019-03-10,7
69,2019-03-11,7
70,2019-03-12,9
71,2019-03-13,33
72,2019-03-14,7
73,2019-03-15,10
74,2019-03-16,10
75,2019-03-17,7
76,2019-03-18,7
77,2019-03-19,10
78,2019-03-20,10
79,2019-03-21,9
80,2019-03-22,9
81,2019-03-23,10
82,2019-03-24,7
83,2019-03-25,6
84,2019-03-26,10
85,2019-03-27,6
86,2019-03-28,8
87,2019-03-29,9
88,2019-03-30,10
89,2019-03-31,8
90,2019-04-01,9
91,2019-04-02,8
92,2019-04-03,9
93,2019-04-04,9
94,2019-04-05,6
95,2019-04-06,8
96,2019-04-07,8
97,2019-04-08,7
98,2019-04-09,8
99,2019-04-10,7
100,2019-04-11,7
101,2019-04-12,7
102,2019-04-13,7
103,2019-04-14,7
104,2019-04-15,7
105,2019-04-16,9
106,2019-04-17,5
107,2019-04-18,8
108,2019-04-19,12
109,2019-04-20,9
110,2019-04-21,4
111,2019-04-22,9
112,2019-04-23,9
113,2019-04-24,9
114,2019-04-25,8
115,2019-04-26,8
116,2019-04-27,7
117,2019-04-28,7
118,2019-04-29,9
119,2019-04-30,8
120,2019-05-01,8
121,2019-05-02,8
122,2019-05-03,8
123,2019-05-04,9
124,2019-05-05,8
125,2019-05-06,7
126,2019-05-07,10
127,2019-05-08,8
128,2019-05-09,7
129,2019-05-10,7
130,2019-05-11,9
131,2019-05-12,8
132,2019-05-13,7
133,2019-05-14,9
134,2019-05-15,6
135,2019-05-16,8
136,2019-05-17,7
137,2019-05-18,7
138,2019-05-19,7
139,2019-05-20,7
140,2019-05-21,12
141,2019-05-22,7
142,2019-05-23,7
143,2019-05-24,9
144,2019-05-25,10
145,2019-05-26,9
146,2019-05-27,8
147,2019-05-28,9
148,2019-05-29,6
149,2019-05-30,8
150,2019-05-31,6
151,2019-06-01,6
152,2019-06-02,6
153,2019-06-03,7
154,2019-06-04,6
155,2019-06-05,5
156,2019-06-06,7
157,2019-06-07,9
158,2019-06-08,7
159,2019-06-09,9
160,2019-06-10,7
161,2019-06-11,10
162,2019-06-12,9
163,2019-06-13,7
164,2019-06-14,6
165,2019-06-15,9
166,2019-06-16,7
167,2019-06-17,7
168,2019-06-18,8
169,2019-06-19,6
170,2019-06-20,6
171,2019-06-21,9
172,2019-06-22,9
173,2019-06-23,9
174,2019-06-24,9
175,2019-06-25,10
176,2019-06-26,8
177,2019-06-27,8
178,2019-06-28,12
179,2019-06-29,9
180,2019-06-30,9
181,2019-07-01,10
182,2019-07-02,10
183,2019-07-03,10
184,2019-07-04,11
185,2019-07-05,13
186,2019-07-06,11
187,2019-07-07,14
188,2019-07-08,9
189,2019-07-09,11
190,2019-07-10,9
191,2019-07-11,9
192,2019-07-12,10
193,2019-07-13,12
194,2019-07-14,10
195,2019-07-15,12
196,2019-07-16,13
197,2019-07-17,10
198,2019-07-18,9
199,2019-07-19,10
200,2019-07-20,11
201,2019-07-21,9
202,2019-07-22,9
203,2019-07-23,10
204,2019-07-24,9
205,2019-07-25,11
206,2019-07-26,10
207,2019-07-27,12
208,2019-07-28,9
209,2019-07-29,8
210,2019-07-30,12
211,2019-07-31,11
212,2019-08-01,9
213,2019-08-02,10
214,2019-08-03,10
215,2019-08-04,9
216,2019-08-05,18
217,2019-08-06,14
218,2019-08-07,11
219,2019-08-08,14
220,2019-08-09,12
221,2019-08-10,9
222,2019-08-11,8
223,2019-08-12,9
224,2019-08-13,12
225,2019-08-14,8
226,2019-08-15,8
227,2019-08-16,10
228,2019-08-17,8
229,2019-08-18,10
230,2019-08-19,9
231,2019-08-20,9
232,2019-08-21,9
233,2019-08-22,9
234,2019-08-23,14
235,2019-08-24,10
236,2019-08-25,7
237,2019-08-26,9
238,2019-08-27,9
239,2019-08-28,8
240,2019-08-29,10
241,2019-08-30,12
242,2019-08-31,10
243,2019-09-01,13
244,2019-09-02,8
245,2019-09-03,11
246,2019-09-04,8
247,2019-09-05,11
248,2019-09-06,12
249,2019-09-07,9
250,2019-09-08,9
251,2019-09-09,10
252,2019-09-10,10
253,2019-09-11,7
254,2019-09-12,7
255,2019-09-13,9
256,2019-09-14,23
257,2019-09-15,10
258,2019-09-16,8
259,2019-09-17,9
260,2019-09-18,8
261,2019-09-19,10
262,2019-09-20,13
263,2019-09-21,9
264,2019-09-22,11
265,2019-09-23,9
266,2019-09-24,11
267,2019-09-25,10
268,2019-09-26,11
269,2019-09-27,8
270,2019-09-28,14
271,2019-09-29,7
272,2019-09-30,8
273,2019-10-01,9
274,2019-10-02,6
275,2019-10-03,9
276,2019-10-04,8
277,2019-10-05,9
278,2019-10-06,10
279,2019-10-07,13
280,2019-10-08,12
281,2019-10-09,9
282,2019-10-10,11
283,2019-10-11,11
284,2019-10-12,10
285,2019-10-13,9
286,2019-10-14,10
287,2019-10-15,11
288,2019-10-16,8
289,2019-10-17,10
290,2019-10-18,8
291,2019-10-19,12
292,2019-10-20,9
293,2019-10-21,11
294,2019-10-22,11
295,2019-10-23,9
296,2019-10-24,10
297,2019-10-25,17
298,2019-10-26,12
299,2019-10-27,11
300,2019-10-28,9
301,2019-10-29,10
302,2019-10-30,8
303,2019-10-31,9
304,2019-11-01,10
305,2019-11-02,9
306,2019-11-03,10
307,2019-11-04,8
308,2019-11-05,12
309,2019-11-06,10
310,2019-11-07,11
311,2019-11-08,9
312,2019-11-09,8
313,2019-11-10,8
314,2019-11-11,8
315,2019-11-12,9
316,2019-11-13,8
317,2019-11-14,8
318,2019-11-15,9
319,2019-11-16,9
320,2019-11-17,8
321,2019-11-18,8
322,2019-11-19,10
323,2019-11-20,9
324,2019-11-21,8
325,2019-11-22,8
326,2019-11-23,9
327,2019-11-24,7
328,2019-11-25,11
329,2019-11-26,13
330,2019-11-27,8
331,2019-11-28,9
332,2019-11-29,10
333,2019-11-30,9
334,2019-12-01,9
335,2019-12-02,8
336,2019-12-03,14
337,2019-12-04,10
338,2019-12-05,9
339,2019-12-06,12
340,2019-12-07,10
341,2019-12-08,12
342,2019-12-09,8
343,2019-12-10,13
344,2019-12-11,3
345,2019-12-12,1
346,2019-12-13,1
347,2019-12-14,9
348,2019-12-15,8
349,2019-12-16,8
350,2019-12-17,11
351,2019-12-18,8
352,2019-12-19,9
353,2019-12-20,9
354,2019-12-21,8
355,2019-12-22,8
356,2019-12-23,9
357,2019-12-24,9
358,2019-12-25,9
359,2019-12-26,9
360,2019-12-27,9
361,2019-12-28,9
362,2019-12-29,7
363,2019-12-30,8
364,2019-12-31,13
365,2020-01-01,7
366,2020-01-02,8
367,2020-01-03,9
368,2020-01-04,10
369,2020-01-05,11
370,2020-01-06,9
371,2020-01-07,10
372,2020-01-08,8
373,2020-01-09,10
374,2020-01-10,9
375,2020-01-11,9
376,2020-01-12,8
377,2020-01-13,7
378,2020-01-14,11
379,2020-01-15,9
380,2020-01-16,9
381,2020-01-17,8
382,2020-01-18,8
383,2020-01-19,9
384,2020-01-20,9
385,2020-01-21,10
386,2020-01-22,9
387,2020-01-23,10
388,2020-01-24,9
389,2020-01-25,9
390,2020-01-26,8
391,2020-01-27,8
392,2020-01-28,10
393,2020-01-29,9
394,2020-01-30,11
395,2020-01-31,10
396,2020-02-01,11
397,2020-02-02,10
398,2020-02-03,8
399,2020-02-04,14
400,2020-02-05,7
401,2020-02-06,9
402,2020-02-07,9
403,2020-02-08,10
404,2020-02-09,8
405,2020-02-10,9
406,2020-02-11,9
407,2020-02-12,9
408,2020-02-13,10
409,2020-02-14,10
410,2020-02-15,10
411,2020-02-16,9
412,2020-02-17,8
413,2020-02-18,9
414,2020-02-19,7
415,2020-02-20,9
416,2020-02-21,12
417,2020-02-22,9
418,2020-02-23,16
419,2020-02-24,11
420,2020-02-25,8
421,2020-02-26,8
422,2020-02-27,10
423,2020-02-28,10
424,2020-02-29,10
425,2020-03-01,8
426,2020-03-02,9
427,2020-03-03,9
428,2020-03-04,8
429,2020-03-05,10
430,2020-03-06,11
431,2020-03-07,11
432,2020-03-08,10
433,2020-03-09,10
434,2020-03-10,10
435,2020-03-11,10
436,2020-03-12,9
437,2020-03-13,13
438,2020-03-14,11
439,2020-03-15,8
440,2020-03-16,10
441,2020-03-17,10
442,2020-03-18,7
443,2020-03-19,9
444,2020-03-20,9
445,2020-03-21,11
446,2020-03-22,9
447,2020-03-23,8
448,2020-03-24,12
449,2020-03-25,8
450,2020-03-26,10
451,2020-03-27,11
452,2020-03-28,9
453,2020-03-29,9
454,2020-03-30,8
455,2020-03-31,9
456,2020-04-01,8
457,2020-04-02,9
458,2020-04-03,10
459,2020-04-04,10
460,2020-04-05,8
461,2020-04-06,9
462,2020-04-07,11
463,2020-04-08,8
464,2020-04-09,8
465,2020-04-10,9
466,2020-04-11,11
467,2020-04-12,8
468,2020-04-13,7
469,2020-04-14,13
470,2020-04-15,9
471,2020-04-16,10
472,2020-04-17,10
473,2020-04-18,9
474,2020-04-19,8
475,2020-04-20,9
476,2020-04-21,10
477,2020-04-22,10
478,2020-04-23,10
479,2020-04-24,9
480,2020-04-25,9
481,2020-04-26,8
482,2020-04-27,9
483,2020-04-28,11
484,2020-04-29,8
485,2020-04-30,8
486,2020-05-01,8
487,2020-05-02,8
488,2020-05-03,8
489,2020-05-04,9
490,2020-05-05,11
491,2020-05-06,8
492,2020-05-07,10
493,2020-05-08,10
494,2020-05-09,10
495,2020-05-10,7
496,2020-05-11,8
497,2020-05-12,11
498,2020-05-13,8
499,2020-05-14,9
500,2020-05-15,11
501,2020-05-16,10
502,2020-05-17,8
503,2020-05-18,8
504,2020-05-19,10
505,2020-05-20,9
506,2020-05-21,9
507,2020-05-22,10
508,2020-05-23,12
509,2020-05-24,7
510,2020-05-25,8
511,2020-05-26,11
512,2020-05-27,5
513,2020-05-28,8
514,2020-05-29,11
515,2020-05-30,10
516,2020-05-31,9
517,2020-06-01,10
518,2020-06-02,11
519,2020-06-03,7
520,2020-06-04,8
521,2020-06-05,8
522,2020-06-06,8
523,2020-06-07,9
524,2020-06-08,7
525,2020-06-09,8
526,2020-06-10,7
527,2020-06-11,8
528,2020-06-12,9
529,2020-06-13,8
530,2020-06-14,12
531,2020-06-15,8
532,2020-06-16,9
533,2020-06-17,7
534,2020-06-18,8
535,2020-06-19,9
536,2020-06-20,8
537,2020-06-21,11
538,2020-06-22,6
539,2020-06-23,12
540,2020-06-24,7
541,2020-06-25,8
542,2020-06-26,8
543,2020-06-27,10
544,2020-06-28,7
545,2020-06-29,8
546,2020-06-30,9
547,2020-07-01,7
548,2020-07-02,7
549,2020-07-03,8
550,2020-07-04,11
551,2020-07-05,7
552,2020-07-06,7
553,2020-07-07,11
554,2020-07-08,7
555,2020-07-09,9
556,2020-07-10,8
557,2020-07-11,8
558,2020-07-12,7
559,2020-07-13,8
560,2020-07-14,9
561,2020-07-15,9
562,2020-07-16,8
563,2020-07-17,7
564,2020-07-18,9
565,2020-07-19,7
566,2020-07-20,7
567,2020-07-21,9
568,2020-07-22,7
569,2020-07-23,9
570,2020-07-24,8
571,2020-07-25,9
572,2020-07-26,7
573,2020-07-27,7
574,2020-07-28,12
575,2020-07-29,7
576,2020-07-30,9
577,2020-07-31,10
578,2020-08-01,7
579,2020-08-02,9
580,2020-08-03,8
581,2020-08-04,9
582,2020-08-05,6
583,2020-08-06,8
584,2020-08-07,9
585,2020-08-08,9
586,2020-08-09,8
587,2020-08-10,13
588,2020-08-11,11
589,2020-08-12,7
590,2020-08-13,8
591,2020-08-14,11
592,2020-08-15,12
593,2020-08-16,8
594,2020-08-17,7
595,2020-08-18,8
596,2020-08-19,6
597,2020-08-20,8
598,2020-08-21,10
599,2020-08-22,8
600,2020-08-23,8
601,2020-08-24,8
602,2020-08-25,10
603,2020-08-26,9
604,2020-08-27,9
605,2020-08-28,8
606,2020-08-29,10
607,2020-08-30,7
608,2020-08-31,7
609,2020-09-01,13
610,2020-09-02,7
611,2020-09-03,8
612,2020-09-04,8
613,2020-09-05,12
614,2020-09-06,8
615,2020-09-07,8
616,2020-09-08,11
617,2020-09-09,7
618,2020-09-10,9
619,2020-09-11,8
620,2020-09-12,18
621,2020-09-13,10
622,2020-09-14,6
623,2020-09-15,9
624,2020-09-16,6
625,2020-09-17,9
626,2020-09-18,8
627,2020-09-19,14
628,2020-09-20,8
629,2020-09-21,7
630,2020-09-22,8
631,2020-09-23,8
632,2020-09-24,9
633,2020-09-25,8
634,2020-09-26,11
635,2020-09-27,13
636,2020-09-28,10
637,2020-09-29,8
638,2020-09-30,6
639,2020-10-01,8
640,2020-10-02,8
641,2020-10-03,9
642,2020-10-04,7
643,2020-10-05,8
644,2020-10-06,9
645,2020-10-07,7
646,2020-10-08,9
647,2020-10-09,9
648,2020-10-10,9
649,2020-10-11,8
650,2020-10-12,8
651,2020-10-13,10
652,2020-10-14,8
653,2020-10-15,7
654,2020-10-16,8
655,2020-10-17,9
656,2020-10-18,7
657,2020-10-19,7
658,2020-10-20,9
659,2020-10-21,8
660,2020-10-22,10
661,2020-10-23,8
662,2020-10-24,10
663,2020-10-25,11
664,2020-10-26,8
665,2020-10-27,10
666,2020-10-28,10
667,2020-10-29,8
668,2020-10-30,7
669,2020-10-31,9
670,2020-11-01,6
671,2020-11-02,6
672,2020-11-03,11
673,2020-11-04,7
674,2020-11-05,8
675,2020-11-06,8
676,2020-11-07,9
677,2020-11-08,8
678,2020-11-09,7
679,2020-11-10,11
680,2020-11-11,7
681,2020-11-12,10
682,2020-11-13,9
683,2020-11-14,6
684,2020-11-15,7
685,2020-11-16,8
686,2020-11-17,9
687,2020-11-18,6
688,2020-11-19,9
689,2020-11-20,9
690,2020-11-21,7
691,2020-11-22,8
692,2020-11-23,7
693,2020-11-24,10
694,2020-11-25,8
695,2020-11-26,8
696,2020-11-27,7
697,2020-11-28,9
698,2020-11-29,9
699,2020-11-30,8
700,2020-12-01,9
701,2020-12-02,7
702,2020-12-03,8
703,2020-12-04,7
704,2020-12-05,8
705,2020-12-06,7
706,2020-12-07,7
707,2020-12-08,9
708,2020-12-09,8
709,2020-12-10,9
710,2020-12-11,8
711,2020-12-12,8
712,2020-12-13,1
713,2020-12-14,3
714,2020-12-15,1
715,2020-12-16,1
716,2020-12-17,3
717,2020-12-18,1
718,2020-12-19,1
719,2020-12-20,1
720,2020-12-21,1
721,2020-12-22,1
722,2020-12-23,1
723,2020-12-24,1
724,2020-12-25,1
725,2020-12-26,1
726,2020-12-27,1
727,2020-12-28,1
728,2020-12-29,2
729,2020-12-30,2
730,2020-12-31,2
731,2021-01-01,2
732,2021-01-02,2
733,2021-01-03,1
734,2021-01-04,1
735,2021-01-05,4
736,2021-01-06,2
737,2021-01-07,1
738,2021-01-08,1
739,2021-01-09,1
740,2021-01-10,2
741,2021-01-11,1
742,2021-01-12,1
743,2021-01-13,1
744,2021-01-14,2
745,2021-01-15,3
746,2021-01-16,1
747,2021-01-17,1
748,2021-01-18,4
749,2021-01-19,2
750,2021-01-20,1
751,2021-01-21,1
752,2021-01-22,3
753,2021-01-23,1
754,2021-01-24,1
755,2021-01-25,3
756,2021-01-26,2
757,2021-01-27,4
758,2021-01-28,3
759,2021-01-29,4
760,2021-01-30,2
761,2021-01-31,2
762,2021-02-01,2
763,2021-02-02,1
764,2021-02-03,8
765,2021-02-04,3
766,2021-02-05,6
767,2021-02-06,3
768,2021-02-07,2
769,2021-02-08,4
770,2021-02-09,1
771,2021-02-10,4
772,2021-02-11,1
773,2021-02-12,2
774,2021-02-13,1
775,2021-02-14,2
776,2021-02-15,5
777,2021-02-16,5
778,2021-02-17,4
779,2021-02-18,4
780,2021-02-19,6
781,2021-02-20,7
782,2021-02-21,28
783,2021-02-22,8
784,2021-02-23,10
785,2021-02-24,8
786,2021-02-25,1
787,2021-02-26,4
788,2021-02-27,2
789,2021-02-28,4
790,2021-03-01,9
791,2021-03-02,6
792,2021-03-03,10
793,2021-03-04,7
794,2021-03-05,2
795,2021-03-06,2
796,2021-03-07,5
797,2021-03-08,3
798,2021-03-09,14
799,2021-03-10,5
800,2021-03-11,5
801,2021-03-12,5
802,2021-03-13,2
803,2021-03-14,3
804,2021-03-15,6
805,2021-03-16,2
806,2021-03-17,3
807,2021-03-18,4
808,2021-03-19,3
809,2021-03-20,5
810,2021-03-21,10
811,2021-03-22,6
812,2021-03-23,3
813,2021-03-24,5
814,2021-03-25,4
815,2021-03-26,4
816,2021-03-27,3
817,2021-03-28,2
818,2021-03-29,3
819,2021-03-30,6
820,2021-03-31,3
821,2021-04-01,3
822,2021-04-02,1
823,2021-04-03,5
824,2021-04-04,9
825,2021-04-05,6
826,2021-04-06,7
827,2021-04-07,6
828,2021-04-08,9
829,2021-04-09,3
830,2021-04-10,7
831,2021-04-11,3
832,2021-04-12,7
833,2021-04-13,13
834,2021-04-14,13
835,2021-04-15,2
836,2021-04-16,8
837,2021-04-17,7
838,2021-04-18,10
839,2021-04-19,12
840,2021-04-20,9
841,2021-04-21,6
842,2021-04-22,6
843,2021-04-23,3
844,2021-04-24,8
845,2021-04-25,5
846,2021-04-26,6
847,2021-04-27,8
848,2021-04-28,10
849,2021-04-29,3
850,2021-04-30,3
851,2021-05-01,3
852,2021-05-02,6
853,2021-05-03,5
854,2021-05-04,2
855,2021-05-05,1
856,2021-05-06,5
857,2021-05-07,2
858,2021-05-08,9
859,2021-05-09,6
860,2021-05-10,12
861,2021-05-11,10
862,2021-05-12,13
863,2021-05-13,9
864,2021-05-14,9
865,2021-05-15,4
866,2021-05-16,2
867,2021-05-17,3
868,2021-05-18,23
869,2021-05-19,11
870,2021-05-20,11
871,2021-05-21,14
872,2021-05-22,11
873,2021-05-23,7
874,2021-05-24,2
875,2021-05-25,9
876,2021-05-26,4
877,2021-05-27,5
878,2021-05-28,15
879,2021-05-29,13
880,2021-05-30,10
881,2021-05-31,7
882,2021-06-01,17
883,2021-06-02,12
884,2021-06-03,7
885,2021-06-04,8
886,2021-06-05,6
887,2021-06-06,13
888,2021-06-07,9
889,2021-06-08,5
890,2021-06-09,3
891,2021-06-10,7
892,2021-06-11,15
893,2021-06-12,9
894,2021-06-13,9
895,2021-06-14,14
896,2021-06-15,5
897,2021-06-16,7
898,2021-06-17,3
899,2021-06-18,2
900,2021-06-19,5
901,2021-06-20,6
902,2021-06-21,4
903,2021-06-22,3
904,2021-06-23,3
905,2021-06-24,3
906,2021-06-25,7
907,2021-06-26,7
908,2021-06-27,1
909,2021-06-28,2
910,2021-06-29,1
911,2021-06-30,4
912,2021-07-01,3
913,2021-07-02,3
914,2021-07-03,2
915,2021-07-04,7
916,2021-07-05,5
917,2021-07-06,2
918,2021-07-07,3
919,2021-07-08,2
920,2021-07-09,1
921,2021-07-10,4
922,2021-07-11,3
923,2021-07-12,2
924,2021-07-13,2
925,2021-07-14,8
926,2021-07-15,11
927,2021-07-16,12
928,2021-07-17,3
929,2021-07-18,4
930,2021-07-19,4
931,2021-07-20,5
932,2021-07-21,3
933,2021-07-22,6
934,2021-07-23,4
935,2021-07-24,1
936,2021-07-25,4
937,2021-07-26,5
938,2021-07-27,9
939,2021-07-28,5
940,2021-07-29,4
941,2021-07-30,10
942,2021-07-31,1
943,2021-08-01,2
944,2021-08-02,7
945,2021-08-03,6
946,2021-08-04,3
947,2021-08-05,1
948,2021-08-06,3
949,2021-08-07,3
950,2021-08-08,4
951,2021-08-09,1
952,2021-08-10,7
953,2021-08-11,8
954,2021-08-12,3
955,2021-08-13,7
956,2021-08-14,3
957,2021-08-15,1
958,2021-08-16,5
959,2021-08-17,2
960,2021-08-18,5
961,2021-08-19,7
962,2021-08-20,8
963,2021-08-21,5
964,2021-08-22,1
965,2021-08-23,2
966,2021-08-24,5
967,2021-08-25,2
968,2021-08-26,3
969,2021-08-27,1
970,2021-08-28,3
971,2021-08-29,2
972,2021-08-30,4
973,2021-08-31,3
974,2021-09-01,4
975,2021-09-02,2
976,2021-09-03,2
977,2021-09-04,4
978,2021-09-05,2
979,2021-09-06,3
980,2021-09-07,2
981,2021-09-08,4
982,2021-09-09,1
983,2021-09-10,1
984,2021-09-11,4
985,2021-09-12,3
986,2021-09-13,4
987,2021-09-14,5
988,2021-09-15,3
989,2021-09-16,5
990,2021-09-17,3
991,2021-09-18,3
992,2021-09-19,2
993,2021-09-20,8
994,2021-09-21,2
995,2021-09-22,2
996,2021-09-23,7
997,2021-09-24,1
998,2021-09-25,5
999,2021-09-26,4
1000,2021-09-27,5
1001,2021-09-28,5
1002,2021-09-29,3
1003,2021-09-30,6
1004,2021-10-01,3
1005,2021-10-02,3
1006,2021-10-03,7
1007,2021-10-04,10
1008,2021-10-05,11
1009,2021-10-06,10
1010,2021-10-07,3
1011,2021-10-08,13
1012,2021-10-09,3
1013,2021-10-10,1
1014,2021-10-11,5
1015,2021-10-12,3
1016,2021-10-13,4
1017,2021-10-14,3
1018,2021-10-15,2
1019,2021-10-16,3
1020,2021-10-17,3
1021,2021-10-18,2
1022,2021-10-19,5
1023,2021-10-20,2
1024,2021-10-21,10
1025,2021-10-22,3
1026,2021-10-23,2
1027,2021-10-24,1
1028,2021-10-25,2
1029,2021-10-26,4
1030,2021-10-27,3
1031,2021-10-28,4
1032,2021-10-29,4
1033,2021-10-30,2
1034,2021-10-31,2
1035,2021-11-01,1
1036,2021-11-02,7
1037,2021-11-03,3
1038,2021-11-04,1
1039,2021-11-05,5
1040,2021-11-06,4
1041,2021-11-07,2
1042,2021-11-08,6
1043,2021-11-09,5
1044,2021-11-10,10
1045,2021-11-11,5
1046,2021-11-12,3
1047,2021-11-13,3
1048,2021-11-14,1
1049,2021-11-15,3
1050,2021-11-16,1
1051,2021-11-17,4
1052,2021-11-18,1
1053,2021-11-19,3
1054,2021-11-20,4
1055,2021-11-21,5
1056,2021-11-22,5
1057,2021-11-23,2
1058,2021-11-24,4
1059,2021-11-25,2
1060,2021-11-26,6
1061,2021-11-27,10
1062,2021-11-28,11
1063,2021-11-29,4
1064,2021-11-30,5
1065,2021-12-01,2
1066,2021-12-02,4
1067,2021-12-03,2
1068,2021-12-04,3
1069,2021-12-05,11
1070,2021-12-06,34
1071,2021-12-07,14
1072,2021-12-08,14
1073,2021-12-09,4
1074,2021-12-10,10
1075,2021-12-11,7
1076,2021-12-12,3
1077,2021-12-13,6
1078,2021-12-14,7
1079,2021-12-15,2
1080,2021-12-16,4
1081,2021-12-17,5
1082,2021-12-18,2
1083,2021-12-19,5
1084,2021-12-20,6
1085,2021-12-21,6
1086,2021-12-22,1
1087,2021-12-23,3
1088,2021-12-24,29
1089,2021-12-25,25
1090,2021-12-26,11
1091,2021-12-27,7
1092,2021-12-28,7
1093,2021-12-29,4
1094,2021-12-30,2
1095,2021-12-31,5
1096,2022-01-01,3
1097,2022-01-02,21
1098,2022-01-03,43
1099,2022-01-04,34
1100,2022-01-05,28
1101,2022-01-06,39
1102,2022-01-07,30
1103,2022-01-08,26
1104,2022-01-09,43
1105,2022-01-10,72
1106,2022-01-11,6
1107,2022-01-12,2
1108,2022-01-13,6
1109,2022-01-14,5
1110,2022-01-15,7
1111,2022-01-16,6
1112,2022-01-17,35
1113,2022-01-18,60
1114,2022-01-19,27
1115,2022-01-20,40
1116,2022-01-21,79
1117,2022-01-22,57
1118,2022-01-23,56
1119,2022-01-24,111
1120,2022-01-25,96
1121,2022-01-26,80
1122,2022-01-27,68
1123,2022-01-28,121
1124,2022-01-29,93
1125,2022-01-30,82
1126,2022-01-31,109
1127,2022-02-01,62
1128,2022-02-02,56
1129,2022-02-03,28
1130,2022-02-04,107
1131,2022-02-05,64
1132,2022-02-06,63
1133,2022-02-07,29
1134,2022-02-08,34
1135,2022-02-09,32
1136,2022-02-10,66
1137,2022-02-11,38
1138,2022-02-12,51
1139,2022-02-13,33
1140,2022-02-14,32
1141,2022-02-15,46
1142,2022-02-16,36
1143,2022-02-17,25
1144,2022-02-18,68
1145,2022-02-19,48
1146,2022-02-20,70
1147,2022-02-21,83
1148,2022-02-22,89
1149,2022-02-23,127
1150,2022-02-24,68
1151,2022-02-25,71
1152,2022-02-26,68
1153,2022-02-27,68
1154,2022-02-28,69
1155,2022-03-01,71
1156,2022-03-02,46
1157,2022-03-03,95
1158,2022-03-04,178
1159,2022-03-05,40
1160,2022-03-06,178
1161,2022-03-07,112
1162,2022-03-08,61
1163,2022-03-09,36
1164,2022-03-10,8
1165,2022-03-11,20
1166,2022-03-12,15
1167,2022-03-13,21
1168,2022-03-14,14
1169,2022-03-15,17
1170,2022-03-16,37
1171,2022-03-17,35
1172,2022-03-18,61
1173,2022-03-19,51
1174,2022-03-20,60
1175,2022-03-21,101
1176,2022-03-22,70
1177,2022-03-23,58
1178,2022-03-24,48
1179,2022-03-25,69
1180,2022-03-26,65
1181,2022-03-27,59
1182,2022-03-28,75
1183,2022-03-29,60
1184,2022-03-30,62
1185,2022-03-31,39
1186,2022-04-01,44
1187,2022-04-02,85
1188,2022-04-03,56
1189,2022-04-04,66
1190,2022-04-05,139
1191,2022-04-06,92
1192,2022-04-07,107
1193,2022-04-08,443
1194,2022-04-09,373
1195,2022-04-10,85
1196,2022-04-11,37
1197,2022-04-12,43
1198,2022-04-13,35
1199,2022-04-14,36
1200,2022-04-15,40
1201,2022-04-16,8
1202,2022-04-17,15
1203,2022-04-18,9
1204,2022-04-19,14
1205,2022-04-20,5
1206,2022-04-21,6
1207,2022-04-22,18
1208,2022-04-23,19
1209,2022-04-24,28
1210,2022-04-25,46
1211,2022-04-26,22
1212,2022-04-27,21
1213,2022-04-28,13
1214,2022-04-29,28
1215,2022-04-30,10
1216,2022-05-01,19
1217,2022-05-02,20
1218,2022-05-03,9
1219,2022-05-04,11
1220,2022-05-05,14
1221,2022-05-06,43
1222,2022-05-07,58
1223,2022-05-08,61
1224,2022-05-09,40
1225,2022-05-10,26
1226,2022-05-11,36
1227,2022-05-12,13
1228,2022-05-13,37
1229,2022-05-14,38
1230,2022-05-15,32
1231,2022-05-16,21
1232,2022-05-17,50
1233,2022-05-18,50
1234,2022-05-19,53
1235,2022-05-20,52
1236,2022-05-21,89
1237,2022-05-22,80
1238,2022-05-23,84
1239,2022-05-24,62
1240,2022-05-25,55
1241,2022-05-26,44
1242,2022-05-27,111
1243,2022-05-28,65
1244,2022-05-29,72
1245,2022-05-30,94
1246,2022-05-31,159
1247,2022-06-01,82
1248,2022-06-02,67
1249,2022-06-03,85
1250,2022-06-04,78
1251,2022-06-05,88
1252,2022-06-06,104
1253,2022-06-07,79
1254,2022-06-08,57
1255,2022-06-09,62
1256,2022-06-10,72
1257,2022-06-11,66
1258,2022-06-12,77
1259,2022-06-13,72
1260,2022-06-14,86
1261,2022-06-15,61
1262,2022-06-16,56
1263,2022-06-17,56
1264,2022-06-18,80
1265,2022-06-19,69
1266,2022-06-20,66
1267,2022-06-21,84
1268,2022-06-22,62
1269,2022-06-23,65
1270,2022-06-24,93
1271,2022-06-25,91
1272,2022-06-26,81
1273,2022-06-27,56
1274,2022-06-28,59
1275,2022-06-29,92
1276,2022-06-30,72
1277,2022-07-01,67
1278,2022-07-02,71
1279,2022-07-03,92
1280,2022-07-04,85
1281,2022-07-05,73
1282,2022-07-06,61
1283,2022-07-07,69
1284,2022-07-08,56
1285,2022-07-09,81
1286,2022-07-10,77
1287,2022-07-11,85
1288,2022-07-12,60
1289,2022-07-13,49
1290,2022-07-14,45
1291,2022-07-15,30
1292,2022-07-16,59
1293,2022-07-17,50
1294,2022-07-18,43
1295,2022-07-19,53
1296,2022-07-20,53
1297,2022-07-21,38
1298,2022-07-22,42
1299,2022-07-23,46
1300,2022-07-24,94
1301,2022-07-25,76
1302,2022-07-26,70
