date,mev_unscaled,mev_monthly,isPartial,scale,mev
2019-01-01,52,,,,
2019-01-02,35,,,,
2019-01-03,16,,,,
2019-01-04,0,,,,
2019-01-05,67,,,,
2019-01-06,50,45.0,False,0.45,22.5
2019-01-07,49,45.0,,0.45,22.05
2019-01-08,0,45.0,,0.45,0.0
2019-01-09,37,45.0,,0.45,16.650000000000002
2019-01-10,28,45.0,,0.45,12.6
2019-01-11,30,45.0,,0.45,13.5
2019-01-12,36,45.0,,0.45,16.2
2019-01-13,44,40.0,False,0.4,17.6
2019-01-14,18,40.0,,0.4,7.2
2019-01-15,41,40.0,,0.4,16.400000000000002
2019-01-16,53,40.0,,0.4,21.200000000000003
2019-01-17,76,40.0,,0.4,30.400000000000002
2019-01-18,25,40.0,,0.4,10.0
2019-01-19,29,40.0,,0.4,11.600000000000001
2019-01-20,28,47.0,False,0.47,13.16
2019-01-21,54,47.0,,0.47,25.38
2019-01-22,70,47.0,,0.47,32.9
2019-01-23,60,47.0,,0.47,28.2
2019-01-24,41,47.0,,0.47,19.27
2019-01-25,25,47.0,,0.47,11.75
2019-01-26,100,47.0,,0.47,47.0
2019-01-27,35,50.0,False,0.5,17.5
2019-01-28,54,50.0,,0.5,27.0
2019-01-29,44,50.0,,0.5,22.0
2019-01-30,0,50.0,,0.5,0.0
2019-01-31,57,50.0,,0.5,28.5
2019-02-01,83,50.0,,0.5,41.5
2019-02-02,32,50.0,,0.5,16.0
2019-02-03,85,51.0,False,0.51,43.35
2019-02-04,0,51.0,,0.51,0.0
2019-02-05,52,51.0,,0.51,26.52
2019-02-06,27,51.0,,0.51,13.77
2019-02-07,19,51.0,,0.51,9.69
2019-02-08,86,51.0,,0.51,43.86
2019-02-09,74,51.0,,0.51,37.74
2019-02-10,44,45.0,False,0.45,19.8
2019-02-11,0,45.0,,0.45,0.0
2019-02-12,0,45.0,,0.45,0.0
2019-02-13,53,45.0,,0.45,23.85
2019-02-14,100,45.0,,0.45,45.0
2019-02-15,33,45.0,,0.45,14.85
2019-02-16,51,45.0,,0.45,22.95
2019-02-17,0,63.0,False,0.63,0.0
2019-02-18,41,63.0,,0.63,25.830000000000002
2019-02-19,73,63.0,,0.63,45.99
2019-02-20,52,63.0,,0.63,32.76
2019-02-21,77,63.0,,0.63,48.51
2019-02-22,39,63.0,,0.63,24.57
2019-02-23,40,63.0,,0.63,25.2
2019-02-24,70,60.0,False,0.6,42.0
2019-02-25,17,60.0,,0.6,10.2
2019-02-26,80,60.0,,0.6,48.0
2019-02-27,58,60.0,,0.6,34.8
2019-02-28,85,60.0,,0.6,51.0
2019-03-01,92,60.0,,0.6,55.199999999999996
2019-03-02,60,60.0,,0.6,36.0
2019-03-03,28,56.0,False,0.56,15.680000000000001
2019-03-04,66,56.0,,0.56,36.96
2019-03-05,81,56.0,,0.56,45.36000000000001
2019-03-06,42,56.0,,0.56,23.520000000000003
2019-03-07,88,56.0,,0.56,49.28
2019-03-08,100,56.0,,0.56,56.00000000000001
2019-03-09,88,56.0,,0.56,49.28
2019-03-10,57,49.0,False,0.49,27.93
2019-03-11,44,49.0,,0.49,21.56
2019-03-12,57,49.0,,0.49,27.93
2019-03-13,47,49.0,,0.49,23.03
2019-03-14,80,49.0,,0.49,39.2
2019-03-15,76,49.0,,0.49,37.24
2019-03-16,0,49.0,,0.49,0.0
2019-03-17,0,55.0,False,0.55,0.0
2019-03-18,35,55.0,,0.55,19.25
2019-03-19,37,55.0,,0.55,20.35
2019-03-20,93,55.0,,0.55,51.150000000000006
2019-03-21,0,55.0,,0.55,0.0
2019-03-22,94,55.0,,0.55,51.7
2019-03-23,67,55.0,,0.55,36.85
2019-03-24,37,57.0,False,0.57,21.09
2019-03-25,66,57.0,,0.57,37.62
2019-03-26,41,57.0,,0.57,23.369999999999997
2019-03-27,54,57.0,,0.57,30.779999999999998
2019-03-28,18,57.0,,0.57,10.26
2019-03-29,58,57.0,,0.57,33.059999999999995
2019-03-30,81,57.0,,0.57,46.169999999999995
2019-03-31,92,67.0,False,0.67,61.64
2019-04-01,43,67.0,,0.67,28.810000000000002
2019-04-02,27,67.0,,0.67,18.09
2019-04-03,28,67.0,,0.67,18.76
2019-04-04,42,67.0,,0.67,28.14
2019-04-05,0,67.0,,0.67,0.0
2019-04-06,48,67.0,,0.67,32.160000000000004
2019-04-07,31,68.0,False,0.68,21.080000000000002
2019-04-08,57,68.0,,0.68,38.760000000000005
2019-04-09,74,68.0,,0.68,50.32
2019-04-10,19,68.0,,0.68,12.920000000000002
2019-04-11,0,68.0,,0.68,0.0
2019-04-12,57,68.0,,0.68,38.760000000000005
2019-04-13,0,68.0,,0.68,0.0
2019-04-14,90,86.0,False,0.86,77.4
2019-04-15,30,86.0,,0.86,25.8
2019-04-16,68,86.0,,0.86,58.48
2019-04-17,63,86.0,,0.86,54.18
2019-04-18,68,86.0,,0.86,58.48
2019-04-19,59,86.0,,0.86,50.74
2019-04-20,66,86.0,,0.86,56.76
2019-04-21,81,100.0,False,1.0,81.0
2019-04-22,85,100.0,,1.0,85.0
2019-04-23,93,100.0,,1.0,93.0
2019-04-24,62,100.0,,1.0,62.0
2019-04-25,46,100.0,,1.0,46.0
2019-04-26,100,100.0,,1.0,100.0
2019-04-27,27,100.0,,1.0,27.0
2019-04-28,61,74.0,False,0.74,45.14
2019-04-29,63,74.0,,0.74,46.62
2019-04-30,39,74.0,,0.74,28.86
2019-05-01,100,74.0,,0.74,74.0
2019-05-02,75,74.0,,0.74,55.5
2019-05-03,85,74.0,,0.74,62.9
2019-05-04,48,74.0,,0.74,35.519999999999996
2019-05-05,89,72.0,False,0.72,64.08
2019-05-06,79,72.0,,0.72,56.879999999999995
2019-05-07,50,72.0,,0.72,36.0
2019-05-08,33,72.0,,0.72,23.759999999999998
2019-05-09,57,72.0,,0.72,41.04
2019-05-10,31,72.0,,0.72,22.32
2019-05-11,37,72.0,,0.72,26.64
2019-05-12,31,45.0,False,0.45,13.950000000000001
2019-05-13,17,45.0,,0.45,7.65
2019-05-14,52,45.0,,0.45,23.400000000000002
2019-05-15,48,45.0,,0.45,21.6
2019-05-16,46,45.0,,0.45,20.7
2019-05-17,0,45.0,,0.45,0.0
2019-05-18,37,45.0,,0.45,16.650000000000002
2019-05-19,39,52.0,False,0.52,20.28
2019-05-20,27,52.0,,0.52,14.040000000000001
2019-05-21,19,52.0,,0.52,9.88
2019-05-22,57,52.0,,0.52,29.64
2019-05-23,62,52.0,,0.52,32.24
2019-05-24,32,52.0,,0.52,16.64
2019-05-25,27,52.0,,0.52,14.040000000000001
2019-05-26,42,50.0,False,0.5,21.0
2019-05-27,23,50.0,,0.5,11.5
2019-05-28,0,50.0,,0.5,0.0
2019-05-29,17,50.0,,0.5,8.5
2019-05-30,28,50.0,,0.5,14.0
2019-05-31,58,50.0,,0.5,29.0
2019-06-01,90,50.0,,0.5,45.0
2019-06-02,25,35.0,False,0.35,8.75
2019-06-03,20,35.0,,0.35,7.0
2019-06-04,47,35.0,,0.35,16.45
2019-06-05,0,35.0,,0.35,0.0
2019-06-06,63,35.0,,0.35,22.049999999999997
2019-06-07,50,35.0,,0.35,17.5
2019-06-08,0,35.0,,0.35,0.0
2019-06-09,22,57.0,False,0.57,12.54
2019-06-10,82,57.0,,0.57,46.739999999999995
2019-06-11,0,57.0,,0.57,0.0
2019-06-12,44,57.0,,0.57,25.08
2019-06-13,53,57.0,,0.57,30.209999999999997
2019-06-14,33,57.0,,0.57,18.81
2019-06-15,88,57.0,,0.57,50.16
2019-06-16,47,30.0,False,0.3,14.1
2019-06-17,87,30.0,,0.3,26.099999999999998
2019-06-18,42,30.0,,0.3,12.6
2019-06-19,79,30.0,,0.3,23.7
2019-06-20,52,30.0,,0.3,15.6
2019-06-21,36,30.0,,0.3,10.799999999999999
2019-06-22,47,30.0,,0.3,14.1
2019-06-23,100,47.0,False,0.47,47.0
2019-06-24,47,47.0,,0.47,22.09
2019-06-25,35,47.0,,0.47,16.45
2019-06-26,74,47.0,,0.47,34.78
2019-06-27,0,47.0,,0.47,0.0
2019-06-28,0,47.0,,0.47,0.0
2019-06-29,57,47.0,,0.47,26.79
2019-06-30,75,44.0,False,0.44,33.0
2019-07-01,86,44.0,,0.44,37.84
2019-07-02,0,44.0,,0.44,0.0
2019-07-03,54,44.0,,0.44,23.76
2019-07-04,38,44.0,,0.44,16.72
2019-07-05,51,44.0,,0.44,22.44
2019-07-06,67,44.0,,0.44,29.48
2019-07-07,76,47.0,False,0.47,35.72
2019-07-08,78,47.0,,0.47,36.66
2019-07-09,26,47.0,,0.47,12.219999999999999
2019-07-10,0,47.0,,0.47,0.0
2019-07-11,76,47.0,,0.47,35.72
2019-07-12,0,47.0,,0.47,0.0
2019-07-13,38,47.0,,0.47,17.86
2019-07-14,0,47.0,False,0.47,0.0
2019-07-15,43,47.0,,0.47,20.209999999999997
2019-07-16,25,47.0,,0.47,11.75
2019-07-17,58,47.0,,0.47,27.259999999999998
2019-07-18,0,47.0,,0.47,0.0
2019-07-19,52,47.0,,0.47,24.439999999999998
2019-07-20,42,47.0,,0.47,19.74
2019-07-21,64,55.0,False,0.55,35.2
2019-07-22,59,55.0,,0.55,32.45
2019-07-23,93,55.0,,0.55,51.150000000000006
2019-07-24,98,55.0,,0.55,53.900000000000006
2019-07-25,60,55.0,,0.55,33.0
2019-07-26,54,55.0,,0.55,29.700000000000003
2019-07-27,0,55.0,,0.55,0.0
2019-07-28,0,46.0,False,0.46,0.0
2019-07-29,100,46.0,,0.46,46.0
2019-07-30,42,46.0,,0.46,19.32
2019-07-31,61,46.0,,0.46,28.060000000000002
2019-08-01,29,46.0,,0.46,13.34
2019-08-02,44,46.0,,0.46,20.240000000000002
2019-08-03,53,46.0,,0.46,24.380000000000003
2019-08-04,33,43.0,False,0.43,14.19
2019-08-05,28,43.0,,0.43,12.04
2019-08-06,71,43.0,,0.43,30.53
2019-08-07,18,43.0,,0.43,7.74
2019-08-08,59,43.0,,0.43,25.37
2019-08-09,39,43.0,,0.43,16.77
2019-08-10,0,43.0,,0.43,0.0
2019-08-11,73,42.0,False,0.42,30.66
2019-08-12,43,42.0,,0.42,18.06
2019-08-13,51,42.0,,0.42,21.419999999999998
2019-08-14,61,42.0,,0.42,25.619999999999997
2019-08-15,0,42.0,,0.42,0.0
2019-08-16,0,42.0,,0.42,0.0
2019-08-17,86,42.0,,0.42,36.12
2019-08-18,0,28.0,False,0.28,0.0
2019-08-19,40,28.0,,0.28,11.200000000000001
2019-08-20,23,28.0,,0.28,6.44
2019-08-21,23,28.0,,0.28,6.44
2019-08-22,20,28.0,,0.28,5.6000000000000005
2019-08-23,0,28.0,,0.28,0.0
2019-08-24,31,28.0,,0.28,8.680000000000001
2019-08-25,0,33.0,False,0.33,0.0
2019-08-26,20,33.0,,0.33,6.6000000000000005
2019-08-27,100,33.0,,0.33,33.0
2019-08-28,0,33.0,,0.33,0.0
2019-08-29,39,33.0,,0.33,12.870000000000001
2019-08-30,49,33.0,,0.33,16.17
2019-08-31,0,33.0,,0.33,0.0
2019-09-01,0,43.0,False,0.43,0.0
2019-09-02,43,43.0,,0.43,18.49
2019-09-03,43,43.0,,0.43,18.49
2019-09-04,78,43.0,,0.43,33.54
2019-09-05,47,43.0,,0.43,20.21
2019-09-06,62,43.0,,0.43,26.66
2019-09-07,29,43.0,,0.43,12.47
2019-09-08,19,66.0,False,0.66,12.540000000000001
2019-09-09,50,66.0,,0.66,33.0
2019-09-10,90,66.0,,0.66,59.400000000000006
2019-09-11,67,66.0,,0.66,44.22
2019-09-12,62,66.0,,0.66,40.92
2019-09-13,43,66.0,,0.66,28.380000000000003
2019-09-14,91,66.0,,0.66,60.06
2019-09-15,100,53.0,False,0.53,53.0
2019-09-16,59,53.0,,0.53,31.270000000000003
2019-09-17,0,53.0,,0.53,0.0
2019-09-18,65,53.0,,0.53,34.45
2019-09-19,50,53.0,,0.53,26.5
2019-09-20,55,53.0,,0.53,29.150000000000002
2019-09-21,50,53.0,,0.53,26.5
2019-09-22,47,51.0,False,0.51,23.97
2019-09-23,0,51.0,,0.51,0.0
2019-09-24,30,51.0,,0.51,15.3
2019-09-25,92,51.0,,0.51,46.92
2019-09-26,0,51.0,,0.51,0.0
2019-09-27,94,51.0,,0.51,47.94
2019-09-28,47,51.0,,0.51,23.97
2019-09-29,48,61.0,False,0.61,29.28
2019-09-30,86,61.0,,0.61,52.46
2019-10-01,43,61.0,,0.61,26.23
2019-10-02,0,61.0,,0.61,0.0
2019-10-03,63,61.0,,0.61,38.43
2019-10-04,23,61.0,,0.61,14.03
2019-10-05,36,61.0,,0.61,21.96
2019-10-06,75,76.0,False,0.76,57.0
2019-10-07,52,76.0,,0.76,39.52
2019-10-08,55,76.0,,0.76,41.8
2019-10-09,100,76.0,,0.76,76.0
2019-10-10,78,76.0,,0.76,59.28
2019-10-11,29,76.0,,0.76,22.04
2019-10-12,79,76.0,,0.76,60.04
2019-10-13,76,47.0,False,0.47,35.72
2019-10-14,35,47.0,,0.47,16.45
2019-10-15,0,47.0,,0.47,0.0
2019-10-16,68,47.0,,0.47,31.959999999999997
2019-10-17,32,47.0,,0.47,15.04
2019-10-18,55,47.0,,0.47,25.849999999999998
2019-10-19,20,47.0,,0.47,9.399999999999999
2019-10-20,48,50.0,False,0.5,24.0
2019-10-21,50,50.0,,0.5,25.0
2019-10-22,77,50.0,,0.5,38.5
2019-10-23,74,50.0,,0.5,37.0
2019-10-24,0,50.0,,0.5,0.0
2019-10-25,46,50.0,,0.5,23.0
2019-10-26,19,50.0,,0.5,9.5
2019-10-27,30,52.0,False,0.52,15.600000000000001
2019-10-28,65,52.0,,0.52,33.800000000000004
2019-10-29,22,52.0,,0.52,11.440000000000001
2019-10-30,78,52.0,,0.52,40.56
2019-10-31,40,52.0,,0.52,20.8
2019-11-01,18,52.0,,0.52,9.36
2019-11-02,0,52.0,,0.52,0.0
2019-11-03,17,40.0,False,0.4,6.800000000000001
2019-11-04,35,40.0,,0.4,14.0
2019-11-05,33,40.0,,0.4,13.200000000000001
2019-11-06,14,40.0,,0.4,5.6000000000000005
2019-11-07,0,40.0,,0.4,0.0
2019-11-08,20,40.0,,0.4,8.0
2019-11-09,100,40.0,,0.4,40.0
2019-11-10,0,40.0,False,0.4,0.0
2019-11-11,50,40.0,,0.4,20.0
2019-11-12,41,40.0,,0.4,16.400000000000002
2019-11-13,30,40.0,,0.4,12.0
2019-11-14,0,40.0,,0.4,0.0
2019-11-15,17,40.0,,0.4,6.800000000000001
2019-11-16,37,40.0,,0.4,14.8
2019-11-17,0,41.0,False,0.41,0.0
2019-11-18,62,41.0,,0.41,25.419999999999998
2019-11-19,17,41.0,,0.41,6.97
2019-11-20,27,41.0,,0.41,11.069999999999999
2019-11-21,58,41.0,,0.41,23.779999999999998
2019-11-22,30,41.0,,0.41,12.299999999999999
2019-11-23,33,41.0,,0.41,13.53
2019-11-24,15,36.0,False,0.36,5.3999999999999995
2019-11-25,26,36.0,,0.36,9.36
2019-11-26,19,36.0,,0.36,6.84
2019-11-27,27,36.0,,0.36,9.719999999999999
2019-11-28,20,36.0,,0.36,7.199999999999999
2019-11-29,0,36.0,,0.36,0.0
2019-11-30,0,36.0,,0.36,0.0
2019-12-01,44,46.0,False,0.46,20.240000000000002
2019-12-02,78,46.0,,0.46,35.88
2019-12-03,98,46.0,,0.46,45.080000000000005
2019-12-04,85,46.0,,0.46,39.1
2019-12-05,40,46.0,,0.46,18.400000000000002
2019-12-06,43,46.0,,0.46,19.78
2019-12-07,0,46.0,,0.46,0.0
2019-12-08,49,42.0,False,0.42,20.58
2019-12-09,88,42.0,,0.42,36.96
2019-12-10,49,42.0,,0.42,20.58
2019-12-11,91,42.0,,0.42,38.22
2019-12-12,76,42.0,,0.42,31.919999999999998
2019-12-13,78,42.0,,0.42,32.76
2019-12-14,0,42.0,,0.42,0.0
2019-12-15,0,40.0,False,0.4,0.0
2019-12-16,29,40.0,,0.4,11.600000000000001
2019-12-17,0,40.0,,0.4,0.0
2019-12-18,57,40.0,,0.4,22.8
2019-12-19,41,40.0,,0.4,16.400000000000002
2019-12-20,73,40.0,,0.4,29.200000000000003
2019-12-21,45,40.0,,0.4,18.0
2019-12-22,73,24.0,False,0.24,17.52
2019-12-23,0,24.0,,0.24,0.0
2019-12-24,65,24.0,,0.24,15.6
2019-12-25,0,24.0,,0.24,0.0
2019-12-26,28,24.0,,0.24,6.72
2019-12-27,52,24.0,,0.24,12.48
2019-12-28,69,24.0,,0.24,16.56
2019-12-29,100,27.0,False,0.27,27.0
2019-12-30,22,27.0,,0.27,5.94
2019-12-31,22,27.0,,0.27,5.94
2020-01-01,26,27.0,,0.27,7.0200000000000005
2020-01-02,21,27.0,,0.27,5.67
2020-01-03,66,27.0,,0.27,17.82
2020-01-04,24,27.0,,0.27,6.48
2020-01-05,41,26.0,False,0.26,10.66
2020-01-06,55,26.0,,0.26,14.3
2020-01-07,35,26.0,,0.26,9.1
2020-01-08,46,26.0,,0.26,11.96
2020-01-09,96,26.0,,0.26,24.96
2020-01-10,38,26.0,,0.26,9.88
2020-01-11,28,26.0,,0.26,7.28
2020-01-12,37,56.0,False,0.56,20.720000000000002
2020-01-13,41,56.0,,0.56,22.96
2020-01-14,100,56.0,,0.56,56.00000000000001
2020-01-15,68,56.0,,0.56,38.080000000000005
2020-01-16,30,56.0,,0.56,16.8
2020-01-17,96,56.0,,0.56,53.760000000000005
2020-01-18,59,56.0,,0.56,33.040000000000006
2020-01-19,0,44.0,False,0.44,0.0
2020-01-20,27,44.0,,0.44,11.88
2020-01-21,64,44.0,,0.44,28.16
2020-01-22,74,44.0,,0.44,32.56
2020-01-23,60,44.0,,0.44,26.4
2020-01-24,85,44.0,,0.44,37.4
2020-01-25,0,44.0,,0.44,0.0
2020-01-26,45,42.0,False,0.42,18.9
2020-01-27,78,42.0,,0.42,32.76
2020-01-28,92,42.0,,0.42,38.64
2020-01-29,0,42.0,,0.42,0.0
2020-01-30,0,42.0,,0.42,0.0
2020-01-31,28,42.0,,0.42,11.76
2020-02-01,38,42.0,,0.42,15.959999999999999
2020-02-02,49,54.0,False,0.54,26.46
2020-02-03,36,54.0,,0.54,19.44
2020-02-04,43,54.0,,0.54,23.220000000000002
2020-02-05,81,54.0,,0.54,43.74
2020-02-06,51,54.0,,0.54,27.540000000000003
2020-02-07,43,54.0,,0.54,23.220000000000002
2020-02-08,51,54.0,,0.54,27.540000000000003
2020-02-09,44,47.0,False,0.47,20.68
2020-02-10,99,47.0,,0.47,46.529999999999994
2020-02-11,36,47.0,,0.47,16.919999999999998
2020-02-12,49,47.0,,0.47,23.029999999999998
2020-02-13,52,47.0,,0.47,24.439999999999998
2020-02-14,0,47.0,,0.47,0.0
2020-02-15,82,47.0,,0.47,38.54
2020-02-16,38,57.0,False,0.57,21.659999999999997
2020-02-17,44,57.0,,0.57,25.08
2020-02-18,61,57.0,,0.57,34.769999999999996
2020-02-19,54,57.0,,0.57,30.779999999999998
2020-02-20,24,57.0,,0.57,13.68
2020-02-21,100,57.0,,0.57,56.99999999999999
2020-02-22,0,57.0,,0.57,0.0
2020-02-23,42,58.0,False,0.58,24.36
2020-02-24,61,58.0,,0.58,35.379999999999995
2020-02-25,73,58.0,,0.58,42.339999999999996
2020-02-26,70,58.0,,0.58,40.599999999999994
2020-02-27,55,58.0,,0.58,31.9
2020-02-28,51,58.0,,0.58,29.58
2020-02-29,25,58.0,,0.58,14.499999999999998
2020-03-01,66,58.0,False,0.58,38.279999999999994
2020-03-02,98,58.0,,0.58,56.839999999999996
2020-03-03,55,58.0,,0.58,31.9
2020-03-04,87,58.0,,0.58,50.459999999999994
2020-03-05,73,58.0,,0.58,42.339999999999996
2020-03-06,38,58.0,,0.58,22.04
2020-03-07,93,58.0,,0.58,53.94
2020-03-08,65,47.0,False,0.47,30.549999999999997
2020-03-09,67,47.0,,0.47,31.49
2020-03-10,94,47.0,,0.47,44.18
2020-03-11,39,47.0,,0.47,18.33
2020-03-12,62,47.0,,0.47,29.139999999999997
2020-03-13,44,47.0,,0.47,20.68
2020-03-14,64,47.0,,0.47,30.08
2020-03-15,100,45.0,False,0.45,45.0
2020-03-16,51,45.0,,0.45,22.95
2020-03-17,40,45.0,,0.45,18.0
2020-03-18,61,45.0,,0.45,27.45
2020-03-19,49,45.0,,0.45,22.05
2020-03-20,71,45.0,,0.45,31.95
2020-03-21,64,45.0,,0.45,28.8
2020-03-22,43,56.0,False,0.56,24.080000000000002
2020-03-23,89,56.0,,0.56,49.84
2020-03-24,97,56.0,,0.56,54.32000000000001
2020-03-25,46,56.0,,0.56,25.76
2020-03-26,41,56.0,,0.56,22.96
2020-03-27,62,56.0,,0.56,34.720000000000006
2020-03-28,50,56.0,,0.56,28.000000000000004
2020-03-29,49,56.0,False,0.56,27.44
2020-03-30,44,56.0,,0.56,24.64
2020-03-31,33,56.0,,0.56,18.48
2020-04-01,73,56.0,,0.56,40.88
2020-04-02,55,56.0,,0.56,30.800000000000004
2020-04-03,45,56.0,,0.56,25.200000000000003
2020-04-04,31,56.0,,0.56,17.360000000000003
2020-04-05,17,41.0,False,0.41,6.97
2020-04-06,61,41.0,,0.41,25.009999999999998
2020-04-07,27,41.0,,0.41,11.069999999999999
2020-04-08,19,41.0,,0.41,7.789999999999999
2020-04-09,39,41.0,,0.41,15.989999999999998
2020-04-10,0,41.0,,0.41,0.0
2020-04-11,20,41.0,,0.41,8.2
2020-04-12,55,56.0,False,0.56,30.800000000000004
2020-04-13,58,56.0,,0.56,32.480000000000004
2020-04-14,28,56.0,,0.56,15.680000000000001
2020-04-15,42,56.0,,0.56,23.520000000000003
2020-04-16,34,56.0,,0.56,19.040000000000003
2020-04-17,73,56.0,,0.56,40.88
2020-04-18,23,56.0,,0.56,12.88
2020-04-19,100,62.0,False,0.62,62.0
2020-04-20,66,62.0,,0.62,40.92
2020-04-21,54,62.0,,0.62,33.48
2020-04-22,47,62.0,,0.62,29.14
2020-04-23,67,62.0,,0.62,41.54
2020-04-24,40,62.0,,0.62,24.8
2020-04-25,37,62.0,,0.62,22.94
2020-04-26,37,51.0,False,0.51,18.87
2020-04-27,37,51.0,,0.51,18.87
2020-04-28,60,51.0,,0.51,30.6
2020-04-29,51,51.0,,0.51,26.01
2020-04-30,64,51.0,,0.51,32.64
2020-05-01,58,51.0,,0.51,29.580000000000002
2020-05-02,51,51.0,,0.51,26.01
2020-05-03,84,48.0,False,0.48,40.32
2020-05-04,46,48.0,,0.48,22.08
2020-05-05,55,48.0,,0.48,26.4
2020-05-06,82,48.0,,0.48,39.36
2020-05-07,89,48.0,,0.48,42.72
2020-05-08,45,48.0,,0.48,21.599999999999998
2020-05-09,34,48.0,,0.48,16.32
2020-05-10,0,45.0,False,0.45,0.0
2020-05-11,29,45.0,,0.45,13.05
2020-05-12,70,45.0,,0.45,31.5
2020-05-13,86,45.0,,0.45,38.7
2020-05-14,30,45.0,,0.45,13.5
2020-05-15,56,45.0,,0.45,25.2
2020-05-16,34,45.0,,0.45,15.3
2020-05-17,95,37.0,False,0.37,35.15
2020-05-18,100,37.0,,0.37,37.0
2020-05-19,27,37.0,,0.37,9.99
2020-05-20,40,37.0,,0.37,14.8
2020-05-21,56,37.0,,0.37,20.72
2020-05-22,51,37.0,,0.37,18.87
2020-05-23,34,37.0,,0.37,12.58
2020-05-24,59,43.0,False,0.43,25.37
2020-05-25,70,43.0,,0.43,30.099999999999998
2020-05-26,20,43.0,,0.43,8.6
2020-05-27,27,43.0,,0.43,11.61
2020-05-28,39,43.0,,0.43,16.77
2020-05-29,47,43.0,,0.43,20.21
2020-05-30,36,43.0,,0.43,15.48
2020-05-31,32,30.0,False,0.3,9.6
2020-06-01,0,30.0,,0.3,0.0
2020-06-02,63,30.0,,0.3,18.9
2020-06-03,36,30.0,,0.3,10.799999999999999
2020-06-04,59,30.0,,0.3,17.7
2020-06-05,61,30.0,,0.3,18.3
2020-06-06,51,30.0,,0.3,15.299999999999999
2020-06-07,61,36.0,False,0.36,21.96
2020-06-08,60,36.0,,0.36,21.599999999999998
2020-06-09,100,36.0,,0.36,36.0
2020-06-10,75,36.0,,0.36,27.0
2020-06-11,50,36.0,,0.36,18.0
2020-06-12,61,36.0,,0.36,21.96
2020-06-13,0,36.0,,0.36,0.0
2020-06-14,31,49.0,False,0.49,15.19
2020-06-15,57,49.0,,0.49,27.93
2020-06-16,44,49.0,,0.49,21.56
2020-06-17,62,49.0,,0.49,30.38
2020-06-18,93,49.0,,0.49,45.57
2020-06-19,81,49.0,,0.49,39.69
2020-06-20,79,49.0,,0.49,38.71
2020-06-21,74,35.0,False,0.35,25.9
2020-06-22,35,35.0,,0.35,12.25
2020-06-23,59,35.0,,0.35,20.65
2020-06-24,0,35.0,,0.35,0.0
2020-06-25,38,35.0,,0.35,13.299999999999999
2020-06-26,36,35.0,,0.35,12.6
2020-06-27,71,35.0,,0.35,24.849999999999998
2020-06-28,0,40.0,False,0.4,0.0
2020-06-29,0,40.0,,0.4,0.0
2020-06-30,24,40.0,,0.4,9.600000000000001
2020-07-01,0,40.0,,0.4,0.0
2020-07-02,19,40.0,,0.4,7.6000000000000005
2020-07-03,18,40.0,,0.4,7.2
2020-07-04,100,40.0,,0.4,40.0
2020-07-05,16,50.0,False,0.5,8.0
2020-07-06,28,50.0,,0.5,14.0
2020-07-07,32,50.0,,0.5,16.0
2020-07-08,15,50.0,,0.5,7.5
2020-07-09,26,50.0,,0.5,13.0
2020-07-10,10,50.0,,0.5,5.0
2020-07-11,22,50.0,,0.5,11.0
2020-07-12,15,36.0,False,0.36,5.3999999999999995
2020-07-13,41,36.0,,0.36,14.76
2020-07-14,30,36.0,,0.36,10.799999999999999
2020-07-15,27,36.0,,0.36,9.719999999999999
2020-07-16,12,36.0,,0.36,4.32
2020-07-17,19,36.0,,0.36,6.84
2020-07-18,41,36.0,,0.36,14.76
2020-07-19,33,47.0,False,0.47,15.51
2020-07-20,39,47.0,,0.47,18.33
2020-07-21,0,47.0,,0.47,0.0
2020-07-22,46,47.0,,0.47,21.619999999999997
2020-07-23,31,47.0,,0.47,14.569999999999999
2020-07-24,30,47.0,,0.47,14.1
2020-07-25,11,47.0,,0.47,5.17
2020-07-26,14,38.0,False,0.38,5.32
2020-07-27,10,38.0,,0.38,3.8
2020-07-28,29,38.0,,0.38,11.02
2020-07-29,17,38.0,,0.38,6.46
2020-07-30,29,38.0,,0.38,11.02
2020-07-31,14,38.0,,0.38,5.32
2020-08-01,0,38.0,,0.38,0.0
2020-08-02,21,41.0,False,0.41,8.61
2020-08-03,0,41.0,,0.41,0.0
2020-08-04,34,41.0,,0.41,13.94
2020-08-05,100,41.0,,0.41,41.0
2020-08-06,63,41.0,,0.41,25.83
2020-08-07,39,41.0,,0.41,15.989999999999998
2020-08-08,0,41.0,,0.41,0.0
2020-08-09,36,45.0,False,0.45,16.2
2020-08-10,0,45.0,,0.45,0.0
2020-08-11,19,45.0,,0.45,8.55
2020-08-12,20,45.0,,0.45,9.0
2020-08-13,53,45.0,,0.45,23.85
2020-08-14,36,45.0,,0.45,16.2
2020-08-15,20,45.0,,0.45,9.0
2020-08-16,0,41.0,False,0.41,0.0
2020-08-17,64,41.0,,0.41,26.24
2020-08-18,51,41.0,,0.41,20.91
2020-08-19,0,41.0,,0.41,0.0
2020-08-20,34,41.0,,0.41,13.94
2020-08-21,20,41.0,,0.41,8.2
2020-08-22,26,41.0,,0.41,10.66
2020-08-23,22,29.0,False,0.29,6.38
2020-08-24,38,29.0,,0.29,11.02
2020-08-25,23,29.0,,0.29,6.67
2020-08-26,56,29.0,,0.29,16.24
2020-08-27,27,29.0,,0.29,7.829999999999999
2020-08-28,49,29.0,,0.29,14.209999999999999
2020-08-29,22,29.0,,0.29,6.38
2020-08-30,23,36.0,False,0.36,8.28
2020-08-31,54,36.0,,0.36,19.439999999999998
2020-09-01,0,36.0,,0.36,0.0
2020-09-02,0,36.0,,0.36,0.0
2020-09-03,27,36.0,,0.36,9.719999999999999
2020-09-04,49,36.0,,0.36,17.64
2020-09-05,0,36.0,,0.36,0.0
2020-09-06,28,53.0,False,0.53,14.84
2020-09-07,71,53.0,,0.53,37.63
2020-09-08,60,53.0,,0.53,31.8
2020-09-09,56,53.0,,0.53,29.68
2020-09-10,38,53.0,,0.53,20.14
2020-09-11,67,53.0,,0.53,35.510000000000005
2020-09-12,18,53.0,,0.53,9.540000000000001
2020-09-13,100,49.0,False,0.49,49.0
2020-09-14,35,49.0,,0.49,17.15
2020-09-15,27,49.0,,0.49,13.23
2020-09-16,24,49.0,,0.49,11.76
2020-09-17,25,49.0,,0.49,12.25
2020-09-18,0,49.0,,0.49,0.0
2020-09-19,35,49.0,,0.49,17.15
2020-09-20,40,48.0,False,0.48,19.2
2020-09-21,52,48.0,,0.48,24.96
2020-09-22,55,48.0,,0.48,26.4
2020-09-23,59,48.0,,0.48,28.32
2020-09-24,33,48.0,,0.48,15.84
2020-09-25,75,48.0,,0.48,36.0
2020-09-26,40,48.0,,0.48,19.2
2020-09-27,69,41.0,False,0.41,28.29
2020-09-28,51,41.0,,0.41,20.91
2020-09-29,50,41.0,,0.41,20.5
2020-09-30,51,41.0,,0.41,20.91
2020-10-01,37,,,,
2020-10-02,0,,,,
2020-10-03,31,,,,
2020-10-04,66,62.0,False,0.62,40.92
2020-10-05,20,62.0,,0.62,12.4
2020-10-06,57,62.0,,0.62,35.339999999999996
2020-10-07,28,62.0,,0.62,17.36
2020-10-08,48,62.0,,0.62,29.759999999999998
2020-10-09,100,62.0,,0.62,62.0
2020-10-10,29,62.0,,0.62,17.98
2020-10-11,27,56.0,False,0.56,15.120000000000001
2020-10-12,48,56.0,,0.56,26.880000000000003
2020-10-13,29,56.0,,0.56,16.240000000000002
2020-10-14,21,56.0,,0.56,11.760000000000002
2020-10-15,39,56.0,,0.56,21.840000000000003
2020-10-16,17,56.0,,0.56,9.520000000000001
2020-10-17,50,56.0,,0.56,28.000000000000004
2020-10-18,0,90.0,False,0.9,0.0
2020-10-19,34,90.0,,0.9,30.6
2020-10-20,44,90.0,,0.9,39.6
2020-10-21,27,90.0,,0.9,24.3
2020-10-22,78,90.0,,0.9,70.2
2020-10-23,51,90.0,,0.9,45.9
2020-10-24,47,90.0,,0.9,42.300000000000004
2020-10-25,18,37.0,False,0.37,6.66
2020-10-26,21,37.0,,0.37,7.77
2020-10-27,0,37.0,,0.37,0.0
2020-10-28,38,37.0,,0.37,14.06
2020-10-29,0,37.0,,0.37,0.0
2020-10-30,77,37.0,,0.37,28.49
2020-10-31,0,37.0,,0.37,0.0
2020-11-01,68,54.0,False,0.54,36.72
2020-11-02,21,54.0,,0.54,11.34
2020-11-03,77,54.0,,0.54,41.580000000000005
2020-11-04,18,54.0,,0.54,9.72
2020-11-05,14,54.0,,0.54,7.5600000000000005
2020-11-06,57,54.0,,0.54,30.78
2020-11-07,31,54.0,,0.54,16.740000000000002
2020-11-08,48,64.0,False,0.64,30.72
2020-11-09,36,64.0,,0.64,23.04
2020-11-10,42,64.0,,0.64,26.88
2020-11-11,56,64.0,,0.64,35.84
2020-11-12,0,64.0,,0.64,0.0
2020-11-13,0,64.0,,0.64,0.0
2020-11-14,78,64.0,,0.64,49.92
2020-11-15,100,62.0,False,0.62,62.0
2020-11-16,34,62.0,,0.62,21.08
2020-11-17,42,62.0,,0.62,26.04
2020-11-18,78,62.0,,0.62,48.36
2020-11-19,41,62.0,,0.62,25.419999999999998
2020-11-20,61,62.0,,0.62,37.82
2020-11-21,60,62.0,,0.62,37.2
2020-11-22,0,53.0,False,0.53,0.0
2020-11-23,26,53.0,,0.53,13.780000000000001
2020-11-24,48,53.0,,0.53,25.44
2020-11-25,45,53.0,,0.53,23.85
2020-11-26,87,53.0,,0.53,46.11
2020-11-27,22,53.0,,0.53,11.66
2020-11-28,42,53.0,,0.53,22.26
2020-11-29,29,67.0,False,0.67,19.43
2020-11-30,53,67.0,,0.67,35.510000000000005
2020-12-01,0,67.0,,0.67,0.0
2020-12-02,100,67.0,,0.67,67.0
2020-12-03,0,67.0,,0.67,0.0
2020-12-04,79,67.0,,0.67,52.93
2020-12-05,85,67.0,,0.67,56.95
2020-12-06,45,43.0,False,0.43,19.35
2020-12-07,0,43.0,,0.43,0.0
2020-12-08,62,43.0,,0.43,26.66
2020-12-09,52,43.0,,0.43,22.36
2020-12-10,0,43.0,,0.43,0.0
2020-12-11,33,43.0,,0.43,14.19
2020-12-12,0,43.0,,0.43,0.0
2020-12-13,30,27.0,False,0.27,8.100000000000001
2020-12-14,16,27.0,,0.27,4.32
2020-12-15,23,27.0,,0.27,6.210000000000001
2020-12-16,54,27.0,,0.27,14.580000000000002
2020-12-17,0,27.0,,0.27,0.0
2020-12-18,21,27.0,,0.27,5.67
2020-12-19,26,27.0,,0.27,7.0200000000000005
2020-12-20,0,17.0,False,0.17,0.0
2020-12-21,0,17.0,,0.17,0.0
2020-12-22,44,17.0,,0.17,7.48
2020-12-23,0,17.0,,0.17,0.0
2020-12-24,40,17.0,,0.17,6.800000000000001
2020-12-25,43,17.0,,0.17,7.3100000000000005
2020-12-26,0,17.0,,0.17,0.0
2020-12-27,0,32.0,False,0.32,0.0
2020-12-28,0,32.0,,0.32,0.0
2020-12-29,18,32.0,,0.32,5.76
2020-12-30,60,32.0,,0.32,19.2
2020-12-31,0,32.0,,0.32,0.0
2021-01-01,48,32.0,,0.32,15.36
2021-01-02,33,32.0,,0.32,10.56
2021-01-03,56,50.0,False,0.5,28.0
2021-01-04,0,50.0,,0.5,0.0
2021-01-05,0,50.0,,0.5,0.0
2021-01-06,0,50.0,,0.5,0.0
2021-01-07,0,50.0,,0.5,0.0
2021-01-08,0,50.0,,0.5,0.0
2021-01-09,100,50.0,,0.5,50.0
2021-01-10,37,30.0,False,0.3,11.1
2021-01-11,33,30.0,,0.3,9.9
2021-01-12,44,30.0,,0.3,13.2
2021-01-13,78,30.0,,0.3,23.4
2021-01-14,0,30.0,,0.3,0.0
2021-01-15,35,30.0,,0.3,10.5
2021-01-16,39,30.0,,0.3,11.7
2021-01-17,43,51.0,False,0.51,21.93
2021-01-18,63,51.0,,0.51,32.13
2021-01-19,93,51.0,,0.51,47.43
2021-01-20,43,51.0,,0.51,21.93
2021-01-21,53,51.0,,0.51,27.03
2021-01-22,67,51.0,,0.51,34.17
2021-01-23,42,51.0,,0.51,21.42
2021-01-24,88,48.0,False,0.48,42.239999999999995
2021-01-25,27,48.0,,0.48,12.959999999999999
2021-01-26,70,48.0,,0.48,33.6
2021-01-27,69,48.0,,0.48,33.12
2021-01-28,71,48.0,,0.48,34.08
2021-01-29,29,48.0,,0.48,13.92
2021-01-30,32,48.0,,0.48,15.36
2021-01-31,30,52.0,False,0.52,15.600000000000001
2021-02-01,25,52.0,,0.52,13.0
2021-02-02,47,52.0,,0.52,24.44
2021-02-03,16,52.0,,0.52,8.32
2021-02-04,31,52.0,,0.52,16.12
2021-02-05,20,52.0,,0.52,10.4
2021-02-06,40,52.0,,0.52,20.8
2021-02-07,50,59.0,False,0.59,29.5
2021-02-08,19,59.0,,0.59,11.209999999999999
2021-02-09,24,59.0,,0.59,14.16
2021-02-10,36,59.0,,0.59,21.24
2021-02-11,0,59.0,,0.59,0.0
2021-02-12,32,59.0,,0.59,18.88
2021-02-13,42,59.0,,0.59,24.779999999999998
2021-02-14,15,64.0,False,0.64,9.6
2021-02-15,18,64.0,,0.64,11.52
2021-02-16,31,64.0,,0.64,19.84
2021-02-17,31,64.0,,0.64,19.84
2021-02-18,23,64.0,,0.64,14.72
2021-02-19,39,64.0,,0.64,24.96
2021-02-20,0,64.0,,0.64,0.0
2021-02-21,100,60.0,False,0.6,60.0
2021-02-22,49,60.0,,0.6,29.4
2021-02-23,38,60.0,,0.6,22.8
2021-02-24,34,60.0,,0.6,20.4
2021-02-25,57,60.0,,0.6,34.199999999999996
2021-02-26,39,60.0,,0.6,23.4
2021-02-27,0,60.0,,0.6,0.0
2021-02-28,48,75.0,False,0.75,36.0
2021-03-01,33,75.0,,0.75,24.75
2021-03-02,57,75.0,,0.75,42.75
2021-03-03,39,75.0,,0.75,29.25
2021-03-04,16,75.0,,0.75,12.0
2021-03-05,33,75.0,,0.75,24.75
2021-03-06,59,75.0,,0.75,44.25
2021-03-07,82,67.0,False,0.67,54.940000000000005
2021-03-08,0,67.0,,0.67,0.0
2021-03-09,18,67.0,,0.67,12.06
2021-03-10,12,67.0,,0.67,8.040000000000001
2021-03-11,54,67.0,,0.67,36.18
2021-03-12,28,67.0,,0.67,18.76
2021-03-13,28,67.0,,0.67,18.76
2021-03-14,27,62.0,False,0.62,16.74
2021-03-15,27,62.0,,0.62,16.74
2021-03-16,28,62.0,,0.62,17.36
2021-03-17,38,62.0,,0.62,23.56
2021-03-18,23,62.0,,0.62,14.26
2021-03-19,38,62.0,,0.62,23.56
2021-03-20,40,62.0,,0.62,24.8
2021-03-21,100,75.0,False,0.75,75.0
2021-03-22,57,75.0,,0.75,42.75
2021-03-23,27,75.0,,0.75,20.25
2021-03-24,32,75.0,,0.75,24.0
2021-03-25,16,75.0,,0.75,12.0
2021-03-26,0,75.0,,0.75,0.0
2021-03-27,19,75.0,,0.75,14.25
2021-03-28,0,68.0,False,0.68,0.0
2021-03-29,0,68.0,,0.68,0.0
2021-03-30,38,68.0,,0.68,25.840000000000003
2021-03-31,36,68.0,,0.68,24.48
2021-04-01,66,68.0,,0.68,44.88
2021-04-02,46,68.0,,0.68,31.28
2021-04-03,20,68.0,,0.68,13.600000000000001
2021-04-04,100,75.0,False,0.75,75.0
2021-04-05,45,75.0,,0.75,33.75
2021-04-06,28,75.0,,0.75,21.0
2021-04-07,51,75.0,,0.75,38.25
2021-04-08,92,75.0,,0.75,69.0
2021-04-09,37,75.0,,0.75,27.75
2021-04-10,72,75.0,,0.75,54.0
2021-04-11,84,92.0,False,0.92,77.28
2021-04-12,34,92.0,,0.92,31.28
2021-04-13,86,92.0,,0.92,79.12
2021-04-14,98,92.0,,0.92,90.16000000000001
2021-04-15,93,92.0,,0.92,85.56
2021-04-16,31,92.0,,0.92,28.52
2021-04-17,32,92.0,,0.92,29.44
2021-04-18,66,75.0,False,0.75,49.5
2021-04-19,64,75.0,,0.75,48.0
2021-04-20,55,75.0,,0.75,41.25
2021-04-21,64,75.0,,0.75,48.0
2021-04-22,56,75.0,,0.75,42.0
2021-04-23,54,75.0,,0.75,40.5
2021-04-24,52,75.0,,0.75,39.0
2021-04-25,73,100.0,False,1.0,73.0
2021-04-26,40,100.0,,1.0,40.0
2021-04-27,46,100.0,,1.0,46.0
2021-04-28,86,100.0,,1.0,86.0
2021-04-29,41,100.0,,1.0,41.0
2021-04-30,50,100.0,,1.0,50.0
2021-05-01,37,100.0,,1.0,37.0
2021-05-02,0,80.0,False,0.8,0.0
2021-05-03,100,80.0,,0.8,80.0
2021-05-04,35,80.0,,0.8,28.0
2021-05-05,39,80.0,,0.8,31.200000000000003
2021-05-06,18,80.0,,0.8,14.4
2021-05-07,35,80.0,,0.8,28.0
2021-05-08,24,80.0,,0.8,19.200000000000003
2021-05-09,47,87.0,False,0.87,40.89
2021-05-10,44,87.0,,0.87,38.28
2021-05-11,35,87.0,,0.87,30.45
2021-05-12,69,87.0,,0.87,60.03
2021-05-13,26,87.0,,0.87,22.62
2021-05-14,29,87.0,,0.87,25.23
2021-05-15,18,87.0,,0.87,15.66
2021-05-16,56,57.0,False,0.57,31.919999999999998
2021-05-17,31,57.0,,0.57,17.669999999999998
2021-05-18,36,57.0,,0.57,20.52
2021-05-19,18,57.0,,0.57,10.26
2021-05-20,22,57.0,,0.57,12.54
2021-05-21,62,57.0,,0.57,35.339999999999996
2021-05-22,35,57.0,,0.57,19.95
2021-05-23,22,51.0,False,0.51,11.22
2021-05-24,0,51.0,,0.51,0.0
2021-05-25,48,51.0,,0.51,24.48
2021-05-26,22,51.0,,0.51,11.22
2021-05-27,0,51.0,,0.51,0.0
2021-05-28,36,51.0,,0.51,18.36
2021-05-29,40,51.0,,0.51,20.4
2021-05-30,47,57.0,False,0.57,26.79
2021-05-31,0,57.0,,0.57,0.0
2021-06-01,0,57.0,,0.57,0.0
2021-06-02,47,57.0,,0.57,26.79
2021-06-03,0,57.0,,0.57,0.0
2021-06-04,77,57.0,,0.57,43.88999999999999
2021-06-05,0,57.0,,0.57,0.0
2021-06-06,39,46.0,False,0.46,17.94
2021-06-07,22,46.0,,0.46,10.120000000000001
2021-06-08,47,46.0,,0.46,21.62
2021-06-09,28,46.0,,0.46,12.88
2021-06-10,40,46.0,,0.46,18.400000000000002
2021-06-11,23,46.0,,0.46,10.58
2021-06-12,43,46.0,,0.46,19.78
2021-06-13,41,32.0,False,0.32,13.120000000000001
2021-06-14,59,32.0,,0.32,18.88
2021-06-15,62,32.0,,0.32,19.84
2021-06-16,0,32.0,,0.32,0.0
2021-06-17,41,32.0,,0.32,13.120000000000001
2021-06-18,22,32.0,,0.32,7.04
2021-06-19,0,32.0,,0.32,0.0
2021-06-20,45,53.0,False,0.53,23.85
2021-06-21,81,53.0,,0.53,42.93
2021-06-22,0,53.0,,0.53,0.0
2021-06-23,66,53.0,,0.53,34.980000000000004
2021-06-24,47,53.0,,0.53,24.91
2021-06-25,40,53.0,,0.53,21.200000000000003
2021-06-26,100,53.0,,0.53,53.0
2021-06-27,26,63.0,False,0.63,16.38
2021-06-28,69,63.0,,0.63,43.47
2021-06-29,30,63.0,,0.63,18.9
2021-06-30,60,63.0,,0.63,37.8
2021-07-01,76,63.0,,0.63,47.88
2021-07-02,100,63.0,,0.63,63.0
2021-07-03,65,63.0,,0.63,40.95
2021-07-04,0,51.0,False,0.51,0.0
2021-07-05,43,51.0,,0.51,21.93
2021-07-06,43,51.0,,0.51,21.93
2021-07-07,56,51.0,,0.51,28.560000000000002
2021-07-08,0,51.0,,0.51,0.0
2021-07-09,53,51.0,,0.51,27.03
2021-07-10,51,51.0,,0.51,26.01
2021-07-11,50,50.0,False,0.5,25.0
2021-07-12,55,50.0,,0.5,27.5
2021-07-13,0,50.0,,0.5,0.0
2021-07-14,33,50.0,,0.5,16.5
2021-07-15,53,50.0,,0.5,26.5
2021-07-16,94,50.0,,0.5,47.0
2021-07-17,41,50.0,,0.5,20.5
2021-07-18,33,52.0,False,0.52,17.16
2021-07-19,0,52.0,,0.52,0.0
2021-07-20,24,52.0,,0.52,12.48
2021-07-21,91,52.0,,0.52,47.32
2021-07-22,58,52.0,,0.52,30.16
2021-07-23,28,52.0,,0.52,14.56
2021-07-24,0,52.0,,0.52,0.0
2021-07-25,53,61.0,False,0.61,32.33
2021-07-26,37,61.0,,0.61,22.57
2021-07-27,0,61.0,,0.61,0.0
2021-07-28,44,61.0,,0.61,26.84
2021-07-29,55,61.0,,0.61,33.55
2021-07-30,66,61.0,,0.61,40.26
2021-07-31,36,61.0,,0.61,21.96
2021-08-01,0,37.0,False,0.37,0.0
2021-08-02,24,37.0,,0.37,8.879999999999999
2021-08-03,0,37.0,,0.37,0.0
2021-08-04,42,37.0,,0.37,15.54
2021-08-05,0,37.0,,0.37,0.0
2021-08-06,0,37.0,,0.37,0.0
2021-08-07,40,37.0,,0.37,14.8
2021-08-08,52,63.0,False,0.63,32.76
2021-08-09,45,63.0,,0.63,28.35
2021-08-10,77,63.0,,0.63,48.51
2021-08-11,76,63.0,,0.63,47.88
2021-08-12,26,63.0,,0.63,16.38
2021-08-13,0,63.0,,0.63,0.0
2021-08-14,52,63.0,,0.63,32.76
2021-08-15,49,57.0,False,0.57,27.929999999999996
2021-08-16,32,57.0,,0.57,18.24
2021-08-17,100,57.0,,0.57,56.99999999999999
2021-08-18,31,57.0,,0.57,17.669999999999998
2021-08-19,34,57.0,,0.57,19.38
2021-08-20,0,57.0,,0.57,0.0
2021-08-21,28,57.0,,0.57,15.959999999999999
2021-08-22,0,40.0,False,0.4,0.0
2021-08-23,26,40.0,,0.4,10.4
2021-08-24,44,40.0,,0.4,17.6
2021-08-25,33,40.0,,0.4,13.200000000000001
2021-08-26,51,40.0,,0.4,20.400000000000002
2021-08-27,25,40.0,,0.4,10.0
2021-08-28,45,40.0,,0.4,18.0
2021-08-29,47,61.0,False,0.61,28.669999999999998
2021-08-30,78,61.0,,0.61,47.58
2021-08-31,59,61.0,,0.61,35.99
2021-09-01,56,61.0,,0.61,34.16
2021-09-02,47,61.0,,0.61,28.669999999999998
2021-09-03,42,61.0,,0.61,25.62
2021-09-04,27,61.0,,0.61,16.47
2021-09-05,50,64.0,False,0.64,32.0
2021-09-06,24,64.0,,0.64,15.36
2021-09-07,38,64.0,,0.64,24.32
2021-09-08,0,64.0,,0.64,0.0
2021-09-09,0,64.0,,0.64,0.0
2021-09-10,62,64.0,,0.64,39.68
2021-09-11,55,64.0,,0.64,35.2
2021-09-12,34,50.0,False,0.5,17.0
2021-09-13,16,50.0,,0.5,8.0
2021-09-14,59,50.0,,0.5,29.5
2021-09-15,65,50.0,,0.5,32.5
2021-09-16,43,50.0,,0.5,21.5
2021-09-17,94,50.0,,0.5,47.0
2021-09-18,56,50.0,,0.5,28.0
2021-09-19,45,66.0,False,0.66,29.700000000000003
2021-09-20,100,66.0,,0.66,66.0
2021-09-21,71,66.0,,0.66,46.86
2021-09-22,40,66.0,,0.66,26.400000000000002
2021-09-23,0,66.0,,0.66,0.0
2021-09-24,36,66.0,,0.66,23.76
2021-09-25,31,66.0,,0.66,20.46
2021-09-26,0,75.0,False,0.75,0.0
2021-09-27,48,75.0,,0.75,36.0
2021-09-28,63,75.0,,0.75,47.25
2021-09-29,47,75.0,,0.75,35.25
2021-09-30,51,75.0,,0.75,38.25
2021-10-01,79,75.0,,0.75,59.25
2021-10-02,22,75.0,,0.75,16.5
2021-10-03,32,67.0,False,0.67,21.44
2021-10-04,41,67.0,,0.67,27.470000000000002
2021-10-05,29,67.0,,0.67,19.43
2021-10-06,40,67.0,,0.67,26.8
2021-10-07,27,67.0,,0.67,18.09
2021-10-08,35,67.0,,0.67,23.450000000000003
2021-10-09,0,67.0,,0.67,0.0
2021-10-10,43,55.0,False,0.55,23.650000000000002
2021-10-11,100,55.0,,0.55,55.00000000000001
2021-10-12,28,55.0,,0.55,15.400000000000002
2021-10-13,52,55.0,,0.55,28.6
2021-10-14,39,55.0,,0.55,21.450000000000003
2021-10-15,0,55.0,,0.55,0.0
2021-10-16,27,55.0,,0.55,14.850000000000001
2021-10-17,47,75.0,False,0.75,35.25
2021-10-18,78,75.0,,0.75,58.5
2021-10-19,71,75.0,,0.75,53.25
2021-10-20,63,75.0,,0.75,47.25
2021-10-21,0,75.0,,0.75,0.0
2021-10-22,68,75.0,,0.75,51.0
2021-10-23,24,75.0,,0.75,18.0
2021-10-24,49,81.0,False,0.81,39.690000000000005
2021-10-25,42,81.0,,0.81,34.02
2021-10-26,69,81.0,,0.81,55.89
2021-10-27,14,81.0,,0.81,11.34
2021-10-28,0,81.0,,0.81,0.0
2021-10-29,34,81.0,,0.81,27.540000000000003
2021-10-30,65,81.0,,0.81,52.650000000000006
2021-10-31,0,78.0,False,0.78,0.0
2021-11-01,98,,,,
2021-11-02,25,,,,
2021-11-03,50,,,,
2021-11-04,71,,,,
2021-11-05,48,,,,
2021-11-06,67,,,,
2021-11-07,73,48.0,False,0.48,35.04
2021-11-08,46,48.0,,0.48,22.08
2021-11-09,76,48.0,,0.48,36.48
2021-11-10,0,48.0,,0.48,0.0
2021-11-11,0,48.0,,0.48,0.0
2021-11-12,0,48.0,,0.48,0.0
2021-11-13,53,48.0,,0.48,25.439999999999998
2021-11-14,50,45.0,False,0.45,22.5
2021-11-15,23,45.0,,0.45,10.35
2021-11-16,0,45.0,,0.45,0.0
2021-11-17,44,45.0,,0.45,19.8
2021-11-18,96,45.0,,0.45,43.2
2021-11-19,28,45.0,,0.45,12.6
2021-11-20,30,45.0,,0.45,13.5
2021-11-21,91,44.0,False,0.44,40.04
2021-11-22,100,44.0,,0.44,44.0
2021-11-23,34,44.0,,0.44,14.96
2021-11-24,38,44.0,,0.44,16.72
2021-11-25,56,44.0,,0.44,24.64
2021-11-26,69,44.0,,0.44,30.36
2021-11-27,49,44.0,,0.44,21.56
2021-11-28,62,54.0,False,0.54,33.480000000000004
2021-11-29,21,54.0,,0.54,11.34
2021-11-30,48,54.0,,0.54,25.92
2021-12-01,43,54.0,,0.54,23.220000000000002
2021-12-02,0,54.0,,0.54,0.0
2021-12-03,21,54.0,,0.54,11.34
2021-12-04,24,54.0,,0.54,12.96
2021-12-05,100,53.0,False,0.53,53.0
2021-12-06,41,53.0,,0.53,21.73
2021-12-07,13,53.0,,0.53,6.890000000000001
2021-12-08,17,53.0,,0.53,9.01
2021-12-09,57,53.0,,0.53,30.21
2021-12-10,44,53.0,,0.53,23.32
2021-12-11,15,53.0,,0.53,7.95
2021-12-12,0,43.0,False,0.43,0.0
2021-12-13,98,43.0,,0.43,42.14
2021-12-14,42,43.0,,0.43,18.06
2021-12-15,16,43.0,,0.43,6.88
2021-12-16,21,43.0,,0.43,9.03
2021-12-17,0,43.0,,0.43,0.0
2021-12-18,0,43.0,,0.43,0.0
2021-12-19,17,27.0,False,0.27,4.59
2021-12-20,32,27.0,,0.27,8.64
2021-12-21,0,27.0,,0.27,0.0
2021-12-22,29,27.0,,0.27,7.83
2021-12-23,53,27.0,,0.27,14.31
2021-12-24,30,27.0,,0.27,8.100000000000001
2021-12-25,0,27.0,,0.27,0.0
2021-12-26,0,34.0,False,0.34,0.0
2021-12-27,45,34.0,,0.34,15.3
2021-12-28,67,34.0,,0.34,22.78
2021-12-29,0,34.0,,0.34,0.0
2021-12-30,26,34.0,,0.34,8.84
2021-12-31,33,34.0,,0.34,11.22
2022-01-01,0,34.0,,0.34,0.0
2022-01-02,31,41.0,False,0.41,12.709999999999999
2022-01-03,68,41.0,,0.41,27.88
2022-01-04,22,41.0,,0.41,9.02
2022-01-05,0,41.0,,0.41,0.0
2022-01-06,18,41.0,,0.41,7.38
2022-01-07,28,41.0,,0.41,11.479999999999999
2022-01-08,0,41.0,,0.41,0.0
2022-01-09,0,49.0,False,0.49,0.0
2022-01-10,0,49.0,,0.49,0.0
2022-01-11,17,49.0,,0.49,8.33
2022-01-12,48,49.0,,0.49,23.52
2022-01-13,25,49.0,,0.49,12.25
2022-01-14,44,49.0,,0.49,21.56
2022-01-15,40,49.0,,0.49,19.6
2022-01-16,0,37.0,False,0.37,0.0
2022-01-17,0,37.0,,0.37,0.0
2022-01-18,31,37.0,,0.37,11.47
2022-01-19,25,37.0,,0.37,9.25
2022-01-20,14,37.0,,0.37,5.18
2022-01-21,39,37.0,,0.37,14.43
2022-01-22,0,37.0,,0.37,0.0
2022-01-23,63,45.0,False,0.45,28.35
2022-01-24,100,45.0,,0.45,45.0
2022-01-25,29,45.0,,0.45,13.05
2022-01-26,24,45.0,,0.45,10.8
2022-01-27,0,45.0,,0.45,0.0
2022-01-28,0,45.0,,0.45,0.0
2022-01-29,0,45.0,,0.45,0.0
2022-01-30,46,62.0,False,0.62,28.52
2022-01-31,57,62.0,,0.62,35.339999999999996
2022-02-01,32,62.0,,0.62,19.84
2022-02-02,66,62.0,,0.62,40.92
2022-02-03,58,62.0,,0.62,35.96
2022-02-04,40,62.0,,0.62,24.8
2022-02-05,42,62.0,,0.62,26.04
2022-02-06,45,75.0,False,0.75,33.75
2022-02-07,68,75.0,,0.75,51.0
2022-02-08,60,75.0,,0.75,45.0
2022-02-09,53,75.0,,0.75,39.75
2022-02-10,28,75.0,,0.75,21.0
2022-02-11,61,75.0,,0.75,45.75
2022-02-12,63,75.0,,0.75,47.25
2022-02-13,25,52.0,False,0.52,13.0
2022-02-14,64,52.0,,0.52,33.28
2022-02-15,56,52.0,,0.52,29.12
2022-02-16,43,52.0,,0.52,22.36
2022-02-17,38,52.0,,0.52,19.76
2022-02-18,52,52.0,,0.52,27.04
2022-02-19,43,52.0,,0.52,22.36
2022-02-20,67,63.0,False,0.63,42.21
2022-02-21,58,63.0,,0.63,36.54
2022-02-22,100,63.0,,0.63,63.0
2022-02-23,58,63.0,,0.63,36.54
2022-02-24,45,63.0,,0.63,28.35
2022-02-25,41,63.0,,0.63,25.830000000000002
2022-02-26,57,63.0,,0.63,35.910000000000004
2022-02-27,44,64.0,False,0.64,28.16
2022-02-28,74,64.0,,0.64,47.36
2022-03-01,76,64.0,,0.64,48.64
2022-03-02,77,64.0,,0.64,49.28
2022-03-03,53,64.0,,0.64,33.92
2022-03-04,84,64.0,,0.64,53.76
2022-03-05,58,64.0,,0.64,37.12
2022-03-06,100,61.0,False,0.61,61.0
2022-03-07,39,61.0,,0.61,23.79
2022-03-08,51,61.0,,0.61,31.11
2022-03-09,62,61.0,,0.61,37.82
2022-03-10,72,61.0,,0.61,43.92
2022-03-11,46,61.0,,0.61,28.06
2022-03-12,44,61.0,,0.61,26.84
2022-03-13,25,63.0,False,0.63,15.75
2022-03-14,16,63.0,,0.63,10.08
2022-03-15,45,63.0,,0.63,28.35
2022-03-16,45,63.0,,0.63,28.35
2022-03-17,96,63.0,,0.63,60.480000000000004
2022-03-18,70,63.0,,0.63,44.1
2022-03-19,23,63.0,,0.63,14.49
2022-03-20,65,69.0,False,0.69,44.849999999999994
2022-03-21,56,69.0,,0.69,38.64
2022-03-22,70,69.0,,0.69,48.3
2022-03-23,46,69.0,,0.69,31.74
2022-03-24,31,69.0,,0.69,21.389999999999997
2022-03-25,33,69.0,,0.69,22.77
2022-03-26,32,69.0,,0.69,22.08
2022-03-27,54,70.0,False,0.7,37.8
2022-03-28,51,70.0,,0.7,35.699999999999996
2022-03-29,66,70.0,,0.7,46.199999999999996
2022-03-30,71,70.0,,0.7,49.699999999999996
2022-03-31,65,70.0,,0.7,45.5
2022-04-01,36,70.0,,0.7,25.2
2022-04-02,28,70.0,,0.7,19.599999999999998
2022-04-03,23,75.0,False,0.75,17.25
2022-04-04,65,75.0,,0.75,48.75
2022-04-05,34,75.0,,0.75,25.5
2022-04-06,42,75.0,,0.75,31.5
2022-04-07,44,75.0,,0.75,33.0
2022-04-08,56,75.0,,0.75,42.0
2022-04-09,63,75.0,,0.75,47.25
2022-04-10,45,86.0,False,0.86,38.7
2022-04-11,51,86.0,,0.86,43.86
2022-04-12,47,86.0,,0.86,40.42
2022-04-13,69,86.0,,0.86,59.339999999999996
2022-04-14,100,86.0,,0.86,86.0
2022-04-15,0,86.0,,0.86,0.0
2022-04-16,31,86.0,,0.86,26.66
2022-04-17,26,99.0,False,0.99,25.74
2022-04-18,54,99.0,,0.99,53.46
2022-04-19,65,99.0,,0.99,64.35
2022-04-20,85,99.0,,0.99,84.15
2022-04-21,73,99.0,,0.99,72.27
2022-04-22,59,99.0,,0.99,58.41
2022-04-23,55,99.0,,0.99,54.45
2022-04-24,58,100.0,False,1.0,58.0
2022-04-25,52,100.0,,1.0,52.0
2022-04-26,77,100.0,,1.0,77.0
2022-04-27,73,100.0,,1.0,73.0
2022-04-28,96,100.0,,1.0,96.0
2022-04-29,58,100.0,,1.0,58.0
2022-04-30,71,100.0,,1.0,71.0
2022-05-01,88,84.0,False,0.84,73.92
2022-05-02,95,84.0,,0.84,79.8
2022-05-03,100,84.0,,0.84,84.0
2022-05-04,73,84.0,,0.84,61.32
2022-05-05,31,84.0,,0.84,26.04
2022-05-06,75,84.0,,0.84,63.0
2022-05-07,17,84.0,,0.84,14.28
2022-05-08,94,78.0,False,0.78,73.32000000000001
2022-05-09,61,78.0,,0.78,47.58
2022-05-10,56,78.0,,0.78,43.68
2022-05-11,89,78.0,,0.78,69.42
2022-05-12,62,78.0,,0.78,48.36
2022-05-13,61,78.0,,0.78,47.58
2022-05-14,63,78.0,,0.78,49.14
2022-05-15,48,74.0,False,0.74,35.519999999999996
2022-05-16,54,74.0,,0.74,39.96
2022-05-17,47,74.0,,0.74,34.78
2022-05-18,42,74.0,,0.74,31.08
2022-05-19,91,74.0,,0.74,67.34
2022-05-20,88,74.0,,0.74,65.12
2022-05-21,66,74.0,,0.74,48.839999999999996
2022-05-22,49,61.0,False,0.61,29.89
2022-05-23,80,61.0,,0.61,48.8
2022-05-24,83,61.0,,0.61,50.629999999999995
2022-05-25,66,61.0,,0.61,40.26
2022-05-26,46,61.0,,0.61,28.06
2022-05-27,63,61.0,,0.61,38.43
2022-05-28,59,61.0,,0.61,35.99
2022-05-29,59,48.0,False,0.48,28.32
2022-05-30,16,48.0,,0.48,7.68
2022-05-31,26,48.0,,0.48,12.48
2022-06-01,39,48.0,,0.48,18.72
2022-06-02,0,48.0,,0.48,0.0
2022-06-03,28,48.0,,0.48,13.44
2022-06-04,26,48.0,,0.48,12.48
2022-06-05,52,68.0,False,0.68,35.36
2022-06-06,35,68.0,,0.68,23.8
2022-06-07,100,68.0,,0.68,68.0
2022-06-08,49,68.0,,0.68,33.32
2022-06-09,91,68.0,,0.68,61.88
2022-06-10,58,68.0,,0.68,39.440000000000005
2022-06-11,37,68.0,,0.68,25.16
2022-06-12,99,59.0,False,0.59,58.41
2022-06-13,37,59.0,,0.59,21.83
2022-06-14,19,59.0,,0.59,11.209999999999999
2022-06-15,50,59.0,,0.59,29.5
2022-06-16,35,59.0,,0.59,20.65
2022-06-17,31,59.0,,0.59,18.29
2022-06-18,89,59.0,,0.59,52.51
2022-06-19,22,34.0,False,0.34,7.48
2022-06-20,37,34.0,,0.34,12.58
2022-06-21,74,34.0,,0.34,25.16
2022-06-22,0,34.0,,0.34,0.0
2022-06-23,21,34.0,,0.34,7.140000000000001
2022-06-24,24,34.0,,0.34,8.16
2022-06-25,0,34.0,,0.34,0.0
2022-06-26,42,43.0,False,0.43,18.06
2022-06-27,34,43.0,,0.43,14.62
2022-06-28,25,43.0,,0.43,10.75
2022-06-29,28,43.0,,0.43,12.04
2022-06-30,27,43.0,,0.43,11.61
2022-07-01,65,43.0,,0.43,27.95
2022-07-02,20,43.0,,0.43,8.6
2022-07-03,0,55.0,False,0.55,0.0
2022-07-04,100,55.0,,0.55,55.00000000000001
2022-07-05,0,55.0,,0.55,0.0
2022-07-06,81,55.0,,0.55,44.550000000000004
2022-07-07,34,55.0,,0.55,18.700000000000003
2022-07-08,78,55.0,,0.55,42.900000000000006
2022-07-09,0,55.0,,0.55,0.0
2022-07-10,54,48.0,False,0.48,25.919999999999998
2022-07-11,52,48.0,,0.48,24.96
2022-07-12,37,48.0,,0.48,17.759999999999998
2022-07-13,53,48.0,,0.48,25.439999999999998
2022-07-14,66,48.0,,0.48,31.68
2022-07-15,25,48.0,,0.48,12.0
2022-07-16,42,48.0,,0.48,20.16
2022-07-17,67,63.0,False,0.63,42.21
2022-07-18,53,63.0,,0.63,33.39
2022-07-19,36,63.0,,0.63,22.68
2022-07-20,73,63.0,,0.63,45.99
2022-07-21,76,63.0,,0.63,47.88
2022-07-22,0,63.0,,0.63,0.0
2022-07-23,33,63.0,,0.63,20.79
2022-07-24,47,47.0,False,0.47,22.09
2022-07-25,43,47.0,,0.47,20.209999999999997
2022-07-26,28,47.0,,0.47,13.16
2022-07-27,65,47.0,,0.47,30.549999999999997
2022-07-28,86,47.0,,0.47,40.419999999999995
2022-07-29,29,47.0,,0.47,13.629999999999999
2022-07-30,52,47.0,,0.47,24.439999999999998
2022-07-31,40,62.0,False,0.62,24.8
2022-08-01,39,62.0,,0.62,24.18
2022-08-02,27,62.0,,0.62,16.74
2022-08-03,89,62.0,,0.62,55.18
2022-08-04,0,62.0,,0.62,0.0
2022-08-05,34,62.0,,0.62,21.08
2022-08-06,34,62.0,,0.62,21.08
2022-08-07,18,39.0,False,0.39,7.0200000000000005
2022-08-08,35,39.0,,0.39,13.65
2022-08-09,40,39.0,,0.39,15.600000000000001
2022-08-10,47,39.0,,0.39,18.330000000000002
2022-08-11,26,39.0,,0.39,10.14
2022-08-12,85,39.0,,0.39,33.15
2022-08-13,0,39.0,,0.39,0.0
2022-08-14,39,37.0,False,0.37,14.43
2022-08-15,35,37.0,,0.37,12.95
2022-08-16,28,37.0,,0.37,10.36
2022-08-17,47,37.0,,0.37,17.39
2022-08-18,25,37.0,,0.37,9.25
2022-08-19,57,37.0,,0.37,21.09
2022-08-20,100,37.0,,0.37,37.0
2022-08-21,46,55.0,False,0.55,25.3
2022-08-22,67,55.0,,0.55,36.85
2022-08-23,32,55.0,,0.55,17.6
2022-08-24,48,55.0,,0.55,26.400000000000002
2022-08-25,71,55.0,,0.55,39.050000000000004
2022-08-26,73,55.0,,0.55,40.150000000000006
2022-08-27,92,55.0,,0.55,50.6
2022-08-28,57,37.0,False,0.37,21.09
2022-08-29,49,37.0,,0.37,18.13
2022-08-30,45,37.0,,0.37,16.65
2022-08-31,40,37.0,,0.37,14.8
2022-09-01,26,37.0,,0.37,9.62
2022-09-02,0,37.0,,0.37,0.0
2022-09-03,73,37.0,,0.37,27.009999999999998
2022-09-04,60,54.0,False,0.54,32.400000000000006
2022-09-05,55,54.0,,0.54,29.700000000000003
2022-09-06,47,54.0,,0.54,25.380000000000003
2022-09-07,45,54.0,,0.54,24.3
2022-09-08,63,54.0,,0.54,34.02
2022-09-09,56,54.0,,0.54,30.240000000000002
2022-09-10,34,54.0,,0.54,18.36
2022-09-11,42,68.0,False,0.68,28.560000000000002
2022-09-12,59,68.0,,0.68,40.120000000000005
2022-09-13,13,68.0,,0.68,8.84
2022-09-14,49,68.0,,0.68,33.32
2022-09-15,17,68.0,,0.68,11.56
2022-09-16,25,68.0,,0.68,17.0
2022-09-17,71,68.0,,0.68,48.28
2022-09-18,32,65.0,False,0.65,20.8
2022-09-19,100,65.0,,0.65,65.0
2022-09-20,66,65.0,,0.65,42.9
2022-09-21,90,65.0,,0.65,58.5
2022-09-22,52,65.0,,0.65,33.800000000000004
2022-09-23,0,65.0,,0.65,0.0
2022-09-24,29,65.0,,0.65,18.85
2022-09-25,0,61.0,False,0.61,0.0
2022-09-26,25,61.0,,0.61,15.25
2022-09-27,43,61.0,,0.61,26.23
2022-09-28,20,61.0,,0.61,12.2
2022-09-29,52,61.0,,0.61,31.72
2022-09-30,65,61.0,,0.61,39.65
2022-10-01,0,61.0,,0.61,0.0
2022-10-02,36,67.0,False,0.67,24.12
2022-10-03,20,67.0,,0.67,13.4
2022-10-04,53,67.0,,0.67,35.510000000000005
2022-10-05,38,67.0,,0.67,25.46
2022-10-06,19,67.0,,0.67,12.73
2022-10-07,100,67.0,,0.67,67.0
2022-10-08,43,67.0,,0.67,28.810000000000002
2022-10-09,31,63.0,False,0.63,19.53
2022-10-10,29,63.0,,0.63,18.27
2022-10-11,82,63.0,,0.63,51.660000000000004
2022-10-12,22,63.0,,0.63,13.86
2022-10-13,20,63.0,,0.63,12.6
2022-10-14,40,63.0,,0.63,25.2
2022-10-15,20,63.0,,0.63,12.6
2022-10-16,25,57.0,False,0.57,14.249999999999998
2022-10-17,36,57.0,,0.57,20.52
2022-10-18,19,57.0,,0.57,10.829999999999998
2022-10-19,55,57.0,,0.57,31.349999999999998
2022-10-20,29,57.0,,0.57,16.529999999999998
2022-10-21,31,57.0,,0.57,17.669999999999998
2022-10-22,0,57.0,,0.57,0.0
2022-10-23,41,63.0,False,0.63,25.830000000000002
2022-10-24,34,63.0,,0.63,21.42
2022-10-25,23,63.0,,0.63,14.49
2022-10-26,54,63.0,,0.63,34.02
2022-10-27,31,63.0,,0.63,19.53
2022-10-28,40,63.0,,0.63,25.2
2022-10-29,30,63.0,,0.63,18.9
2022-10-30,30,53.0,False,0.53,15.9
2022-10-31,49,53.0,,0.53,25.970000000000002
